rosbagTimestamp_in_nanoseconds,header,seq,stamp,secs,nsecs,frame_id,latitude,longitude,altitude,relative_altitude
1639659272893621554,,3473,,1639659272,892972943,'',55.4716415405,10.3260221481,28.8999996185,0.0419999994338
1639659272932717848,,3474,,1639659272,930337294,'',55.4716415405,10.3260221481,28.8999996185,0.0439999997616
1639659272971220539,,3475,,1639659272,970457880,'',55.4716415405,10.3260221481,28.8999996185,0.0460000000894
1639659273011006724,,3476,,1639659273,10175361,'',55.4716415405,10.3260221481,28.8999996185,0.0489999987185
1639659273051391376,,3477,,1639659273,50370604,'',55.4716415405,10.3260221481,28.9099998474,0.0509999990463
1639659273093393058,,3478,,1639659273,92771296,'',55.4716415405,10.3260221481,28.9099998474,0.0540000014007
1639659273132638153,,3479,,1639659273,130427328,'',55.4716415405,10.3260221481,28.9099998474,0.0560000017285
1639659273171232429,,3480,,1639659273,170430410,'',55.4716415405,10.3260221481,28.9099998474,0.0590000003576
1639659273209929361,,3481,,1639659273,209265807,'',55.4716415405,10.3260221481,28.9200000763,0.0619999989867
1639659273251026208,,3482,,1639659273,250383837,'',55.4716415405,10.3260221481,28.9200000763,0.0640000030398
1639659273293985302,,3483,,1639659273,292743473,'',55.4716415405,10.3260221481,28.9200000763,0.0670000016689
1639659273331449718,,3484,,1639659273,330370705,'',55.4716415405,10.3260221481,28.9300003052,0.070000000298
1639659273371507520,,3485,,1639659273,370141242,'',55.4716415405,10.3260221481,28.9300003052,0.0719999969006
1639659273411641290,,3486,,1639659273,410345221,'',55.4716415405,10.3260221481,28.9300003052,0.0750000029802
1639659273451758613,,3487,,1639659273,450190542,'',55.4716415405,10.3260221481,28.9300003052,0.0769999995828
1639659273493057508,,3488,,1639659273,491791807,'',55.4716415405,10.3260221481,28.9400005341,0.0799999982119
1639659273531006245,,3489,,1639659273,530204706,'',55.4716415405,10.3260221481,28.9400005341,0.082999996841
1639659273570126732,,3490,,1639659273,569443369,'',55.4716415405,10.3260221481,28.9400005341,0.0860000029206
1639659273611200762,,3491,,1639659273,610400183,'',55.4716415405,10.3260221481,28.9400005341,0.0890000015497
1639659273650992803,,3492,,1639659273,650345696,'',55.4716415405,10.3260221481,28.9500007629,0.0920000001788
1639659273693570584,,3493,,1639659273,692837685,'',55.4716415405,10.3260221481,28.9500007629,0.0949999988079
1639659273733487874,,3494,,1639659273,730427893,'',55.4716415405,10.3260221481,28.9500007629,0.097999997437
1639659273771106849,,3495,,1639659273,770319582,'',55.4716415405,10.3260221481,28.9599990845,0.101999998093
1639659273810952683,,3496,,1639659273,810175591,'',55.4716415405,10.3260221481,28.9599990845,0.105999998748
1639659273850605843,,3497,,1639659273,849313934,'',55.4716415405,10.3260221481,28.9599990845,0.108999997377
1639659273893934859,,3498,,1639659273,892860135,'',55.4716415405,10.3260221481,28.9699993134,0.112999998033
1639659273935174490,,3499,,1639659273,931214730,'',55.4716415405,10.3260221481,28.9699993134,0.116999998689
1639659273971537429,,3500,,1639659273,970395888,'',55.4716415405,10.3260221481,28.9799995422,0.120999999344
1639659274012605571,,3501,,1639659274,10325242,'',55.4716415405,10.3260221481,28.9799995422,0.126000002027
1639659274051102535,,3502,,1639659274,50364004,'',55.4716415405,10.3260221481,28.9899997711,0.130999997258
1639659274093542171,,3503,,1639659274,92811960,'',55.4716415405,10.3260221481,28.9899997711,0.135000005364
1639659274136216368,,3504,,1639659274,132112863,'',55.4716415405,10.3260221481,29.0,0.140000000596
1639659274171062148,,3505,,1639659274,170196961,'',55.4716415405,10.3260221481,29.0,0.144999995828
1639659274211400784,,3506,,1639659274,210314347,'',55.4716415405,10.3260221481,29.0100002289,0.15000000596
1639659274251582650,,3507,,1639659274,250206133,'',55.4716415405,10.3260221481,29.0100002289,0.156000003219
1639659274293052075,,3508,,1639659274,291842086,'',55.4716415405,10.3260221481,29.0200004578,0.16099999845
1639659274331108140,,3509,,1639659274,330414281,'',55.4716415405,10.3260221481,29.0200004578,0.165999993682
1639659274370965782,,3510,,1639659274,370311027,'',55.4716415405,10.3260221481,29.0300006866,0.172000005841
1639659274411338529,,3511,,1639659274,410363997,'',55.4716415405,10.3260221481,29.0300006866,0.178000003099
1639659274450872201,,3512,,1639659274,450159686,'',55.4716415405,10.3260221481,29.0400009155,0.184000000358
1639659274494717219,,3513,,1639659274,492811099,'',55.4716415405,10.3260221481,29.0499992371,0.189999997616
1639659274531674400,,3514,,1639659274,530204890,'',55.4716415405,10.3260221481,29.0499992371,0.195999994874
1639659274569987139,,3515,,1639659274,569283808,'',55.4716415405,10.3260221481,29.0599994659,0.202000007033
1639659274611644852,,3516,,1639659274,610325422,'',55.4716415405,10.3260221481,29.0599994659,0.208000004292
1639659274650492953,,3517,,1639659274,649223636,'',55.4716415405,10.3260221481,29.0699996948,0.21400000155
1639659274694004402,,3518,,1639659274,692981998,'',55.4716415405,10.3260221481,29.0799999237,0.219999998808
1639659274731444241,,3519,,1639659274,730302636,'',55.4716415405,10.3260221481,29.0799999237,0.225999996066
1639659274772230590,,3520,,1639659274,770713592,'',55.4716415405,10.3260211945,29.0900001526,0.232999995351
1639659274810912291,,3521,,1639659274,810140031,'',55.4716415405,10.3260211945,29.0900001526,0.238999992609
1639659274851562415,,3522,,1639659274,850402730,'',55.4716415405,10.3260211945,29.1000003815,0.245000004768
1639659274893906947,,3523,,1639659274,892987871,'',55.4716415405,10.3260211945,29.1100006104,0.252000004053
1639659274930154845,,3524,,1639659274,929292794,'',55.4716415405,10.3260211945,29.1100006104,0.25799998641
1639659274971272428,,3525,,1639659274,970615753,'',55.4716415405,10.3260211945,29.1200008392,0.263999998569
1639659275011028245,,3526,,1639659275,10299794,'',55.4716415405,10.3260211945,29.1299991608,0.270999997854
1639659275050998111,,3527,,1639659275,50340348,'',55.4716415405,10.3260211945,29.1299991608,0.277000010014
1639659275093719764,,3528,,1639659275,92827216,'',55.4716415405,10.3260211945,29.1399993896,0.282999992371
1639659275130869458,,3529,,1639659275,129357035,'',55.4716415405,10.3260211945,29.1499996185,0.289999991655
1639659275171371582,,3530,,1639659275,170146553,'',55.4716415405,10.3260211945,29.1499996185,0.29699999094
1639659275212154603,,3531,,1639659275,210362180,'',55.4716415405,10.3260211945,29.1599998474,0.303000003099
1639659275250917008,,3532,,1639659275,250155437,'',55.4716415405,10.3260211945,29.1700000763,0.310000002384
1639659275293020355,,3533,,1639659275,291801022,'',55.4716415405,10.3260211945,29.1700000763,0.316000014544
1639659275331674759,,3534,,1639659275,330359041,'',55.4716415405,10.3260211945,29.1800003052,0.321999996901
1639659275371854930,,3535,,1639659275,370346667,'',55.4716415405,10.3260211945,29.1800003052,0.328999996185
1639659275411302777,,3536,,1639659275,410387957,'',55.4716415405,10.3260211945,29.1900005341,0.335000008345
1639659275451204355,,3537,,1639659275,450333183,'',55.4716415405,10.3260211945,29.2000007629,0.340999990702
1639659275496869221,,3538,,1639659275,492841780,'',55.4716415405,10.3260211945,29.2000007629,0.347000002861
1639659275531302615,,3539,,1639659275,530170514,'',55.4716415405,10.3260211945,29.2099990845,0.354000002146
1639659275570511454,,3540,,1639659275,569284312,'',55.4716415405,10.3260211945,29.2199993134,0.360000014305
1639659275611449483,,3541,,1639659275,610184678,'',55.4716415405,10.3260211945,29.2199993134,0.365999996662
1639659275651342709,,3542,,1639659275,650317649,'',55.4716415405,10.3260211945,29.2299995422,0.372999995947
1639659275694342188,,3543,,1639659275,693052806,'',55.4716339111,10.3260211945,29.2299995422,0.379000008106
1639659275732129324,,3544,,1639659275,730288612,'',55.4716339111,10.3260211945,29.2399997711,0.384999990463
1639659275771962581,,3545,,1639659275,770359023,'',55.4716339111,10.3260211945,29.25,0.391000002623
1639659275811326301,,3546,,1639659275,810058679,'',55.4716339111,10.3260211945,29.25,0.398000001907
1639659275851033893,,3547,,1639659275,850330018,'',55.4716339111,10.3260211945,29.2600002289,0.404000014067
1639659275894399485,,3548,,1639659275,892773271,'',55.4716339111,10.3260211945,29.2700004578,0.409999996424
1639659275932720256,,3549,,1639659275,930385046,'',55.4716339111,10.3260211945,29.2700004578,0.416000008583
1639659275977185053,,3550,,1639659275,971171044,'',55.4716339111,10.3260211945,29.2800006866,0.42199999094
1639659276011551503,,3551,,1639659276,10444778,'',55.4716339111,10.3260211945,29.2800006866,0.428999990225
1639659276051187448,,3552,,1639659276,50195027,'',55.4716339111,10.3260211945,29.2900009155,0.435000002384
1639659276094201070,,3553,,1639659276,93480459,'',55.4716339111,10.3260211945,29.2999992371,0.439999997616
1639659276131201995,,3554,,1639659276,130398952,'',55.4716339111,10.3260211945,29.2999992371,0.446999996901
1639659276174895141,,3555,,1639659276,171864632,'',55.4716339111,10.3260211945,29.3099994659,0.45300000906
1639659276212401604,,3556,,1639659276,210427804,'',55.4716339111,10.3260211945,29.3099994659,0.458000004292
1639659276251144873,,3557,,1639659276,250113669,'',55.4716339111,10.3260211945,29.3199996948,0.463999986649
1639659276294436385,,3558,,1639659276,292857242,'',55.4716339111,10.3260211945,29.3299999237,0.469999998808
1639659276331549663,,3559,,1639659276,330189209,'',55.4716339111,10.3260211945,29.3299999237,0.47499999404
1639659276370034498,,3560,,1639659276,369306719,'',55.4716339111,10.3260211945,29.3400001526,0.481000006199
1639659276411065296,,3561,,1639659276,410301485,'',55.4716339111,10.3260211945,29.3400001526,0.486999988556
1639659276451155483,,3562,,1639659276,449182322,'',55.4716339111,10.3260211945,29.3500003815,0.49200001359
1639659276493724335,,3563,,1639659276,492963404,'',55.4716339111,10.3260211945,29.3500003815,0.497000008821
1639659276531115470,,3564,,1639659276,530325227,'',55.4716339111,10.3260211945,29.3600006104,0.503000020981
1639659276571508986,,3565,,1639659276,570377909,'',55.4716339111,10.3260211945,29.3600006104,0.508000016212
1639659276611204835,,3566,,1639659276,610199454,'',55.4716339111,10.3260211945,29.3700008392,0.513999998569
1639659276651678927,,3567,,1639659276,650600074,'',55.4716339111,10.3260211945,29.3700008392,0.518999993801
1639659276693506432,,3568,,1639659276,692779837,'',55.4716339111,10.3260211945,29.3799991608,0.523999989033
1639659276730342557,,3569,,1639659276,729311384,'',55.4716339111,10.3260211945,29.3799991608,0.528999984264
1639659276771629132,,3570,,1639659276,770192614,'',55.4716339111,10.3260211945,29.3899993896,0.535000026226
1639659276810618834,,3571,,1639659276,809213580,'',55.4716339111,10.3260211945,29.3999996185,0.540000021458
1639659276851622080,,3572,,1639659276,850329690,'',55.4716339111,10.3260211945,29.3999996185,0.545000016689
1639659276894690551,,3573,,1639659276,892779599,'',55.4716339111,10.3260211945,29.4099998474,0.550000011921
1639659276931308882,,3574,,1639659276,930399279,'',55.4716339111,10.3260211945,29.4099998474,0.555999994278
1639659276970778746,,3575,,1639659276,970129527,'',55.4716339111,10.3260211945,29.4200000763,0.560000002384
1639659277011027813,,3576,,1639659277,10333954,'',55.4716339111,10.3260211945,29.4200000763,0.565999984741
1639659277050970959,,3577,,1639659277,50162411,'',55.4716339111,10.3260211945,29.4300003052,0.570999979973
1639659277095343755,,3578,,1639659277,91839868,'',55.4716339111,10.3260211945,29.4300003052,0.575999975204
1639659277131274820,,3579,,1639659277,130331872,'',55.4716339111,10.3260211945,29.4400005341,0.580999970436
1639659277171407886,,3580,,1639659277,170210377,'',55.4716339111,10.3260211945,29.4400005341,0.587000012398
1639659277211700058,,3581,,1639659277,210420852,'',55.4716339111,10.3260211945,29.4500007629,0.592000007629
1639659277251129057,,3582,,1639659277,250487006,'',55.4716339111,10.3260211945,29.4500007629,0.597000002861
1639659277296346305,,3583,,1639659277,292800626,'',55.4716339111,10.3260211945,29.4599990845,0.601999998093
1639659277331050229,,3584,,1639659277,330142833,'',55.4716339111,10.3260211945,29.4599990845,0.606999993324
1639659277372887750,,3585,,1639659277,370360508,'',55.4716339111,10.3260211945,29.4699993134,0.611999988556
1639659277411417034,,3586,,1639659277,410169093,'',55.4716339111,10.3260211945,29.4699993134,0.617999970913
1639659277455556262,,3587,,1639659277,449803661,'',55.4716339111,10.3260211945,29.4799995422,0.621999979019
1639659277494721516,,3588,,1639659277,493004485,'',55.4716339111,10.3260211945,29.4799995422,0.626999974251
1639659277530525348,,3589,,1639659277,529248191,'',55.4716339111,10.3260211945,29.4899997711,0.632000029087
1639659277573491003,,3590,,1639659277,570392941,'',55.4716339111,10.3260211945,29.4899997711,0.638000011444
1639659277611211579,,3591,,1639659277,610325335,'',55.4716339111,10.3260211945,29.5,0.643000006676
1639659277650353793,,3592,,1639659277,649280444,'',55.4716339111,10.3260211945,29.5,0.648000001907
1639659277693659193,,3593,,1639659277,692714037,'',55.4716339111,10.3260211945,29.5100002289,0.652000010014
1639659277731321465,,3594,,1639659277,730336469,'',55.4716339111,10.3260211945,29.5100002289,0.657000005245
1639659277771372675,,3595,,1639659277,770156446,'',55.4716339111,10.3260211945,29.5200004578,0.662000000477
1639659277812131664,,3596,,1639659277,809287396,'',55.4716339111,10.3260211945,29.5200004578,0.666999995708
1639659277851276695,,3597,,1639659277,850158610,'',55.4716339111,10.3260211945,29.5300006866,0.67199999094
1639659277893376969,,3598,,1639659277,891739842,'',55.4716339111,10.3260211945,29.5300006866,0.675999999046
1639659277932347535,,3599,,1639659277,930548295,'',55.4716339111,10.3260211945,29.5400009155,0.680999994278
1639659277972670490,,3600,,1639659277,970307664,'',55.4716339111,10.3260211945,29.5400009155,0.685000002384
1639659278011116350,,3601,,1639659278,10402875,'',55.4716339111,10.3260211945,29.5400009155,0.68900001049
1639659278050864838,,3602,,1639659278,50204036,'',55.4716339111,10.3260211945,29.5499992371,0.694000005722
1639659278093885053,,3603,,1639659278,92887577,'',55.4716339111,10.3260211945,29.5499992371,0.698000013828
1639659278131535613,,3604,,1639659278,130179959,'',55.4716339111,10.3260211945,29.5599994659,0.702000021935
1639659278170561123,,3605,,1639659278,169239133,'',55.4716339111,10.3260211945,29.5599994659,0.705999970436
1639659278210999279,,3606,,1639659278,210332172,'',55.4716339111,10.3260211945,29.5699996948,0.709999978542
1639659278251445787,,3607,,1639659278,250288086,'',55.4716339111,10.3260211945,29.5699996948,0.713999986649
1639659278293745102,,3608,,1639659278,292871211,'',55.4716339111,10.3260211945,29.5699996948,0.717999994755
1639659278330927404,,3609,,1639659278,330007080,'',55.4716339111,10.3260211945,29.5799999237,0.721000015736
1639659278371146423,,3610,,1639659278,370382772,'',55.4716339111,10.3260211945,29.5799999237,0.725000023842
1639659278411160289,,3611,,1639659278,410154589,'',55.4716339111,10.3260211945,29.5799999237,0.728999972343
1639659278451522509,,3612,,1639659278,450373064,'',55.4716339111,10.3260211945,29.5900001526,0.731999993324
1639659278494353954,,3613,,1639659278,492751484,'',55.4716339111,10.3260211945,29.5900001526,0.736000001431
1639659278530372380,,3614,,1639659278,529291575,'',55.4716339111,10.3260211945,29.6000003815,0.740000009537
1639659278572374702,,3615,,1639659278,570185669,'',55.4716339111,10.3260211945,29.6000003815,0.742999970913
1639659278611826902,,3616,,1639659278,610363183,'',55.4716339111,10.3260211945,29.6000003815,0.746999979019
1639659278652429218,,3617,,1639659278,650353497,'',55.4716339111,10.3260211945,29.6100006104,0.75
1639659278694304852,,3618,,1639659278,692820110,'',55.4716339111,10.3260211945,29.6100006104,0.753000020981
1639659278731465330,,3619,,1639659278,730418605,'',55.4716339111,10.3260211945,29.6100006104,0.755999982357
1639659278771463804,,3620,,1639659278,770143510,'',55.4716339111,10.3260211945,29.6200008392,0.759999990463
1639659278811892583,,3621,,1639659278,810347521,'',55.4716339111,10.3260211945,29.6200008392,0.763000011444
1639659278850934893,,3622,,1639659278,850154698,'',55.4716339111,10.3260211945,29.6200008392,0.76599997282
1639659278893423906,,3623,,1639659278,891816507,'',55.4716339111,10.3260211945,29.6200008392,0.768999993801
1639659278931725381,,3624,,1639659278,930362399,'',55.4716339111,10.3260211945,29.6299991608,0.773000001907
1639659278971483277,,3625,,1639659278,970208872,'',55.4716339111,10.3260211945,29.6299991608,0.776000022888
1639659279012412635,,3626,,1639659279,10481491,'',55.4716339111,10.3260211945,29.6299991608,0.778999984264
1639659279051778275,,3627,,1639659279,50334204,'',55.4716339111,10.3260211945,29.6399993896,0.782000005245
1639659279094411768,,3628,,1639659279,92931057,'',55.4716339111,10.3260211945,29.6399993896,0.785000026226
1639659279131995127,,3629,,1639659279,130188624,'',55.4716339111,10.3260211945,29.6399993896,0.787999987602
1639659279171974817,,3630,,1639659279,170614299,'',55.4716339111,10.3260211945,29.6499996185,0.791000008583
1639659279211379305,,3631,,1639659279,210186307,'',55.4716339111,10.3260211945,29.6499996185,0.794000029564
1639659279251640788,,3632,,1639659279,249942668,'',55.4716339111,10.3260211945,29.6499996185,0.79699999094
1639659279294625738,,3633,,1639659279,292796290,'',55.4716339111,10.3260211945,29.6599998474,0.800000011921
1639659279330648707,,3634,,1639659279,329230909,'',55.4716339111,10.3260211945,29.6599998474,0.801999986172
1639659279370984591,,3635,,1639659279,370361260,'',55.4716339111,10.3260211945,29.6599998474,0.805000007153
1639659279411498459,,3636,,1639659279,410299062,'',55.4716339111,10.3260211945,29.6599998474,0.806999981403
1639659279450992674,,3637,,1639659279,450330624,'',55.4716339111,10.3260211945,29.6700000763,0.810000002384
1639659279494092890,,3638,,1639659279,492752212,'',55.4716339111,10.3260211945,29.6700000763,0.811999976635
1639659279531594521,,3639,,1639659279,530363892,'',55.4716339111,10.3260211945,29.6700000763,0.81400001049
1639659279570783775,,3640,,1639659279,569175513,'',55.4716339111,10.3260211945,29.6700000763,0.816999971867
1639659279611654669,,3641,,1639659279,610365031,'',55.4716339111,10.3260211945,29.6700000763,0.819000005722
1639659279651918648,,3642,,1639659279,650165201,'',55.4716339111,10.3260211945,29.6800003052,0.820999979973
1639659279694167723,,3643,,1639659279,692711141,'',55.4716339111,10.3260211945,29.6800003052,0.823000013828
1639659279736912129,,3644,,1639659279,730426854,'',55.4716339111,10.3260211945,29.6800003052,0.825999975204
1639659279771078098,,3645,,1639659279,770299023,'',55.4716339111,10.3260211945,29.6800003052,0.82800000906
1639659279811410686,,3646,,1639659279,810377209,'',55.4716339111,10.3260211945,29.6900005341,0.829999983311
1639659279851269607,,3647,,1639659279,850110274,'',55.4716339111,10.3260211945,29.6900005341,0.832000017166
1639659279895523139,,3648,,1639659279,893452890,'',55.4716339111,10.3260211945,29.6900005341,0.833999991417
1639659279931555516,,3649,,1639659279,930175766,'',55.4716339111,10.3260211945,29.6900005341,0.836000025272
1639659279970541314,,3650,,1639659279,969261308,'',55.4716339111,10.3260211945,29.6900005341,0.837999999523
1639659280012696181,,3651,,1639659280,10609036,'',55.4716339111,10.3260211945,29.6900005341,0.838999986649
1639659280051492409,,3652,,1639659280,50188276,'',55.4716339111,10.3260211945,29.7000007629,0.841000020504
1639659280096529817,,3653,,1639659280,92889705,'',55.4716339111,10.3260211945,29.7000007629,0.842999994755
1639659280131793615,,3654,,1639659280,130352328,'',55.4716339111,10.3260211945,29.7000007629,0.84500002861
1639659280173545984,,3655,,1639659280,170032753,'',55.4716339111,10.3260211945,29.7000007629,0.847000002861
1639659280211641762,,3656,,1639659280,210177436,'',55.4716339111,10.3260211945,29.7000007629,0.848999977112
1639659280251036585,,3657,,1639659280,250323622,'',55.4716339111,10.3260211945,29.7099990845,0.851000010967
1639659280293833215,,3658,,1639659280,292752986,'',55.4716339111,10.3260211945,29.7099990845,0.852999985218
1639659280330115449,,3659,,1639659280,329333366,'',55.4716339111,10.3260211945,29.7099990845,0.853999972343
1639659280371359688,,3660,,1639659280,370172387,'',55.4716339111,10.3260211945,29.7099990845,0.856000006199
1639659280410331054,,3661,,1639659280,409154473,'',55.4716339111,10.3260211945,29.7099990845,0.85799998045
1639659280451241404,,3662,,1639659280,450427256,'',55.4716339111,10.3260211945,29.7199993134,0.860000014305
1639659280494185266,,3663,,1639659280,492696268,'',55.4716339111,10.3260211945,29.7199993134,0.861000001431
1639659280531530705,,3664,,1639659280,530414444,'',55.4716339111,10.3260211945,29.7199993134,0.862999975681
1639659280570973912,,3665,,1639659280,570142677,'',55.4716339111,10.3260211945,29.7199993134,0.865000009537
1639659280611741510,,3666,,1639659280,610303807,'',55.4716339111,10.3260211945,29.7199993134,0.865999996662
1639659280651503374,,3667,,1639659280,650156937,'',55.4716339111,10.3260211945,29.7199993134,0.867999970913
1639659280693795586,,3668,,1639659280,692833854,'',55.4716339111,10.3260211945,29.7199993134,0.869000017643
1639659280731504130,,3669,,1639659280,730312221,'',55.4716339111,10.3260211945,29.7299995422,0.870999991894
1639659280771568172,,3670,,1639659280,770389159,'',55.4716339111,10.3260211945,29.7299995422,0.873000025749
1639659280811101748,,3671,,1639659280,810421970,'',55.4716339111,10.3260211945,29.7299995422,0.875
1639659280850942558,,3672,,1639659280,849991994,'',55.4716339111,10.3260211945,29.7299995422,0.876999974251
1639659280896818177,,3673,,1639659280,892923184,'',55.4716339111,10.3260211945,29.7299995422,0.878000020981
1639659280931496276,,3674,,1639659280,930184014,'',55.4716339111,10.3260211945,29.7399997711,0.879999995232
1639659280970450649,,3675,,1639659280,969245972,'',55.4716339111,10.3260211945,29.7399997711,0.882000029087
1639659281011431495,,3676,,1639659281,10181442,'',55.4716339111,10.3260211945,29.7399997711,0.884000003338
1639659281051462610,,3677,,1639659281,50288845,'',55.4716339111,10.3260211945,29.7399997711,0.884999990463
1639659281094447944,,3678,,1639659281,92936578,'',55.4716339111,10.3260211945,29.7399997711,0.887000024319
1639659281131245796,,3679,,1639659281,130285824,'',55.4716339111,10.3260211945,29.7399997711,0.888999998569
1639659281171054862,,3680,,1639659281,170313994,'',55.4716339111,10.3260211945,29.75,0.889999985695
1639659281211695514,,3681,,1639659281,210330836,'',55.4716339111,10.3260211945,29.75,0.89200001955
1639659281250961121,,3682,,1639659281,250311870,'',55.4716339111,10.3260211945,29.75,0.893000006676
1639659281293279125,,3683,,1639659281,292682418,'',55.4716339111,10.3260211945,29.75,0.894999980927
1639659281331880953,,3684,,1639659281,330442323,'',55.4716339111,10.3260211945,29.75,0.896000027657
1639659281371580417,,3685,,1639659281,370165435,'',55.4716339111,10.3260211945,29.75,0.898000001907
1639659281410661863,,3686,,1639659281,409334274,'',55.4716339111,10.3260211945,29.75,0.898999989033
1639659281452866235,,3687,,1639659281,450157007,'',55.4716339111,10.3260211945,29.7600002289,0.899999976158
1639659281493364903,,3688,,1639659281,491757856,'',55.4716339111,10.3260211945,29.7600002289,0.902000010014
1639659281531567401,,3689,,1639659281,530376676,'',55.4716339111,10.3260211945,29.7600002289,0.902999997139
1639659281571160561,,3690,,1639659281,570396654,'',55.4716339111,10.3260211945,29.7600002289,0.90499997139
1639659281615348653,,3691,,1639659281,611146331,'',55.4716339111,10.3260211945,29.7600002289,0.90600001812
1639659281651191077,,3692,,1639659281,650096033,'',55.4716339111,10.3260211945,29.7600002289,0.907000005245
1639659281694178460,,3693,,1639659281,693019959,'',55.4716339111,10.3260211945,29.7600002289,0.908999979496
1639659281731199865,,3694,,1639659281,730274933,'',55.4716339111,10.3260211945,29.7700004578,0.910000026226
1639659281770436704,,3695,,1639659281,769257243,'',55.4716339111,10.3260211945,29.7700004578,0.911000013351
1639659281811435822,,3696,,1639659281,810152137,'',55.4716339111,10.3260211945,29.7700004578,0.912000000477
1639659281852301340,,3697,,1639659281,849178990,'',55.4716339111,10.3260211945,29.7700004578,0.912999987602
1639659281894417071,,3698,,1639659281,892871464,'',55.4716339111,10.3260211945,29.7700004578,0.913999974728
1639659281931645005,,3699,,1639659281,930316935,'',55.4716339111,10.3260211945,29.7700004578,0.915000021458
1639659281971248501,,3700,,1639659281,970380593,'',55.4716339111,10.3260211945,29.7700004578,0.916000008583
1639659282011477344,,3701,,1639659282,10132826,'',55.4716339111,10.3260211945,29.7700004578,0.916999995708
1639659282051088200,,3702,,1639659282,50395045,'',55.4716339111,10.3260211945,29.7700004578,0.917999982834
1639659282094553793,,3703,,1639659282,92690617,'',55.4716339111,10.3260211945,29.7700004578,0.919000029564
1639659282130532954,,3704,,1639659282,129261524,'',55.4716339111,10.3260211945,29.7800006866,0.920000016689
1639659282172683341,,3705,,1639659282,170159618,'',55.4716339111,10.3260211945,29.7800006866,0.921000003815
1639659282211476977,,3706,,1639659282,210318125,'',55.4716339111,10.3260211945,29.7800006866,0.921000003815
1639659282251456347,,3707,,1639659282,250371575,'',55.4716339111,10.3260211945,29.7800006866,0.92199999094
1639659282293484622,,3708,,1639659282,292682154,'',55.4716339111,10.3260211945,29.7800006866,0.922999978065
1639659282331102030,,3709,,1639659282,330376683,'',55.4716339111,10.3260211945,29.7800006866,0.924000024796
1639659282370930839,,3710,,1639659282,370167444,'',55.4716339111,10.3260211945,29.7800006866,0.925000011921
1639659282410936289,,3711,,1639659282,410306974,'',55.4716339111,10.3260211945,29.7800006866,0.925999999046
1639659282450310632,,3712,,1639659282,449130339,'',55.4716339111,10.3260211945,29.7800006866,0.926999986172
1639659282493225758,,3713,,1639659282,491804152,'',55.4716339111,10.3260211945,29.7800006866,0.927999973297
1639659282531353056,,3714,,1639659282,530632701,'',55.4716339111,10.3260211945,29.7800006866,0.929000020027
1639659282570495271,,3715,,1639659282,569257313,'',55.4716339111,10.3260211945,29.7900009155,0.930000007153
1639659282611533109,,3716,,1639659282,610402864,'',55.4716339111,10.3260211945,29.7900009155,0.930999994278
1639659282651865152,,3717,,1639659282,650296922,'',55.4716339111,10.3260211945,29.7900009155,0.931999981403
1639659282694073684,,3718,,1639659282,691962603,'',55.4716339111,10.3260211945,29.7900009155,0.933000028133
1639659282731073393,,3719,,1639659282,730124333,'',55.4716339111,10.3260211945,29.7900009155,0.934000015259
1639659282770660505,,3720,,1639659282,769254611,'',55.4716339111,10.3260211945,29.7900009155,0.935000002384
1639659282811492262,,3721,,1639659282,810169025,'',55.4716339111,10.3260211945,29.7900009155,0.935000002384
1639659282849895274,,3722,,1639659282,849205479,'',55.4716339111,10.3260211945,29.7900009155,0.93599998951
1639659282894840584,,3723,,1639659282,892896832,'',55.4716339111,10.3260211945,29.7900009155,0.936999976635
1639659282931632997,,3724,,1639659282,930353087,'',55.4716339111,10.3260211945,29.7900009155,0.938000023365
1639659282971434094,,3725,,1639659282,970355369,'',55.4716339111,10.3260211945,29.7900009155,0.93900001049
1639659283011660601,,3726,,1639659283,10365299,'',55.4716339111,10.3260211945,29.7900009155,0.93900001049
1639659283051591618,,3727,,1639659283,50343293,'',55.4716339111,10.3260211945,29.7999992371,0.939999997616
1639659283094031831,,3728,,1639659283,93115859,'',55.4716339111,10.3260211945,29.7999992371,0.940999984741
1639659283131048148,,3729,,1639659283,130322705,'',55.4716339111,10.3260211945,29.7999992371,0.940999984741
1639659283172338691,,3730,,1639659283,170166714,'',55.4716339111,10.3260211945,29.7999992371,0.941999971867
1639659283212135628,,3731,,1639659283,211065864,'',55.4716339111,10.3260211945,29.7999992371,0.941999971867
1639659283253511644,,3732,,1639659283,250182126,'',55.4716339111,10.3260211945,29.7999992371,0.941999971867
1639659283295098253,,3733,,1639659283,292703075,'',55.4716339111,10.3260211945,29.7999992371,0.943000018597
1639659283331153094,,3734,,1639659283,330361347,'',55.4716339111,10.3260211945,29.7999992371,0.943000018597
1639659283372506262,,3735,,1639659283,370027595,'',55.4716339111,10.3260211945,29.7999992371,0.943000018597
1639659283411820701,,3736,,1639659283,410400151,'',55.4716339111,10.3260211945,29.7999992371,0.943000018597
1639659283451395909,,3737,,1639659283,450124127,'',55.4716339111,10.3260211945,29.7999992371,0.943000018597
1639659283494186587,,3738,,1639659283,492838005,'',55.4716339111,10.3260211945,29.7999992371,0.943000018597
1639659283532426877,,3739,,1639659283,530205684,'',55.4716339111,10.3260211945,29.7999992371,0.943000018597
1639659283572370151,,3740,,1639659283,569613947,'',55.4716339111,10.3260211945,29.7999992371,0.943000018597
1639659283611635854,,3741,,1639659283,610172967,'',55.4716339111,10.3260211945,29.7999992371,0.943000018597
1639659283651644088,,3742,,1639659283,650169393,'',55.4716339111,10.3260211945,29.7999992371,0.943000018597
1639659283694803983,,3743,,1639659283,692831558,'',55.4716339111,10.3260211945,29.7999992371,0.943000018597
1639659283731191593,,3744,,1639659283,730280198,'',55.4716339111,10.3260211945,29.7999992371,0.943000018597
1639659283772842522,,3745,,1639659283,770443344,'',55.4716339111,10.3260211945,29.7999992371,0.943000018597
1639659283812281698,,3746,,1639659283,810121177,'',55.4716339111,10.3260211945,29.7999992371,0.943000018597
1639659283850768485,,3747,,1639659283,849217087,'',55.4716339111,10.3260211945,29.7999992371,0.943000018597
1639659283894080829,,3748,,1639659283,892939929,'',55.4716339111,10.3260211945,29.7999992371,0.943000018597
1639659283930542360,,3749,,1639659283,929447316,'',55.4716339111,10.3260211945,29.7999992371,0.944000005722
1639659283971643623,,3750,,1639659283,970394306,'',55.4716339111,10.3260211945,29.7999992371,0.944000005722
1639659284011559056,,3751,,1639659284,10193771,'',55.4716339111,10.3260211945,29.7999992371,0.944000005722
1639659284051853916,,3752,,1639659284,50414614,'',55.4716339111,10.3260211945,29.7999992371,0.944999992847
1639659284094347184,,3753,,1639659284,92812970,'',55.4716339111,10.3260211945,29.7999992371,0.944999992847
1639659284131700399,,3754,,1639659284,130400713,'',55.4716339111,10.3260211945,29.7999992371,0.945999979973
1639659284173269215,,3755,,1639659284,170131634,'',55.4716339111,10.3260211945,29.7999992371,0.945999979973
1639659284213163849,,3756,,1639659284,210723135,'',55.4716339111,10.3260211945,29.7999992371,0.947000026703
1639659284251369419,,3757,,1639659284,250127878,'',55.4716339111,10.3260211945,29.7999992371,0.947000026703
1639659284295704872,,3758,,1639659284,292873020,'',55.4716339111,10.3260211945,29.7999992371,0.948000013828
1639659284331542528,,3759,,1639659284,330281818,'',55.4716339111,10.3260211945,29.7999992371,0.948000013828
1639659284370889799,,3760,,1639659284,369454529,'',55.4716339111,10.3260211945,29.7999992371,0.949000000954
1639659284411159666,,3761,,1639659284,410453583,'',55.4716339111,10.3260211945,29.7999992371,0.949000000954
1639659284453402406,,3762,,1639659284,450341209,'',55.4716339111,10.3260211945,29.8099994659,0.949999988079
1639659284495971290,,3763,,1639659284,494836342,'',55.4716339111,10.3260211945,29.8099994659,0.949999988079
1639659284531367825,,3764,,1639659284,530183020,'',55.4716339111,10.3260211945,29.8099994659,0.950999975204
1639659284570474647,,3765,,1639659284,569250674,'',55.4716339111,10.3260211945,29.8099994659,0.950999975204
1639659284610883331,,3766,,1639659284,610150559,'',55.4716339111,10.3260211945,29.8099994659,0.952000021935
1639659284651850321,,3767,,1639659284,650372394,'',55.4716339111,10.3260211945,29.8099994659,0.952000021935
1639659284696104301,,3768,,1639659284,692835071,'',55.4716339111,10.3260211945,29.8099994659,0.95300000906
1639659284730690783,,3769,,1639659284,729195801,'',55.4716339111,10.3260211945,29.8099994659,0.95300000906
1639659284773091412,,3770,,1639659284,770469128,'',55.4716339111,10.3260211945,29.8099994659,0.95300000906
1639659284811245430,,3771,,1639659284,810304274,'',55.4716339111,10.3260211945,29.8099994659,0.953999996185
1639659284851438432,,3772,,1639659284,850332220,'',55.4716339111,10.3260211945,29.8099994659,0.953999996185
1639659284894863385,,3773,,1639659284,894044341,'',55.4716339111,10.3260211945,29.8099994659,0.953999996185
1639659284931286772,,3774,,1639659284,930425264,'',55.4716339111,10.3260211945,29.8099994659,0.954999983311
1639659284971162141,,3775,,1639659284,970138073,'',55.4716339111,10.3260211945,29.8099994659,0.954999983311
1639659285011838826,,3776,,1639659285,10306659,'',55.4716339111,10.3260211945,29.8099994659,0.955999970436
1639659285051864884,,3777,,1639659285,50596335,'',55.4716339111,10.3260211945,29.8099994659,0.955999970436
1639659285095978127,,3778,,1639659285,92777634,'',55.4716339111,10.3260211945,29.8099994659,0.955999970436
1639659285131899048,,3779,,1639659285,130485922,'',55.4716339111,10.3260211945,29.8099994659,0.957000017166
1639659285173047223,,3780,,1639659285,170552492,'',55.4716339111,10.3260211945,29.8099994659,0.957000017166
1639659285210013844,,3781,,1639659285,209299953,'',55.4716339111,10.3260211945,29.8099994659,0.958000004292
1639659285252534216,,3782,,1639659285,250113598,'',55.4716339111,10.3260211945,29.8099994659,0.958000004292
1639659285293915288,,3783,,1639659285,292873524,'',55.4716339111,10.3260211945,29.8099994659,0.958000004292
1639659285331239831,,3784,,1639659285,330138226,'',55.4716339111,10.3260211945,29.8099994659,0.958000004292
1639659285369904667,,3785,,1639659285,369216280,'',55.4716339111,10.3260211945,29.8099994659,0.958999991417
1639659285410899497,,3786,,1639659285,410154822,'',55.4716339111,10.3260211945,29.8099994659,0.958999991417
1639659285450373745,,3787,,1639659285,449212812,'',55.4716339111,10.3260211945,29.8199996948,0.959999978542
1639659285495730418,,3788,,1639659285,492982214,'',55.4716339111,10.3260211945,29.8199996948,0.959999978542
1639659285534766679,,3789,,1639659285,533211249,'',55.4716339111,10.3260211945,29.8199996948,0.961000025272
1639659285571879957,,3790,,1639659285,570436335,'',55.4716339111,10.3260211945,29.8199996948,0.961000025272
1639659285611325725,,3791,,1639659285,610118871,'',55.4716339111,10.3260211945,29.8199996948,0.962000012398
1639659285651818665,,3792,,1639659285,650327842,'',55.4716339111,10.3260211945,29.8199996948,0.962000012398
1639659285694452766,,3793,,1639659285,692774999,'',55.4716339111,10.3260211945,29.8199996948,0.962999999523
1639659285730563607,,3794,,1639659285,729292722,'',55.4716339111,10.3260211945,29.8199996948,0.962999999523
1639659285771111331,,3795,,1639659285,770273696,'',55.4716339111,10.3260211945,29.8199996948,0.963999986649
1639659285811328270,,3796,,1639659285,810162313,'',55.4716339111,10.3260211945,29.8199996948,0.963999986649
1639659285851616089,,3797,,1639659285,850356084,'',55.4716339111,10.3260211945,29.8199996948,0.964999973774
1639659285894042414,,3798,,1639659285,892374503,'',55.4716339111,10.3260211945,29.8199996948,0.964999973774
1639659285930545961,,3799,,1639659285,929288355,'',55.4716339111,10.3260211945,29.8199996948,0.966000020504
1639659285971145365,,3800,,1639659285,970123089,'',55.4716339111,10.3260211945,29.8199996948,0.966000020504
1639659286011821122,,3801,,1639659286,10361180,'',55.4716339111,10.3260211945,29.8199996948,0.967000007629
1639659286051463242,,3802,,1639659286,50128005,'',55.4716339111,10.3260211945,29.8199996948,0.967000007629
1639659286093445661,,3803,,1639659286,91747765,'',55.4716339111,10.3260211945,29.8199996948,0.967999994755
1639659286131375102,,3804,,1639659286,130390394,'',55.4716339111,10.3260211945,29.8199996948,0.96899998188
1639659286169901666,,3805,,1639659286,169205247,'',55.4716339111,10.3260211945,29.8199996948,0.96899998188
1639659286211369394,,3806,,1639659286,210329037,'',55.4716339111,10.3260211945,29.8299999237,0.97000002861
1639659286254528169,,3807,,1639659286,250190839,'',55.4716339111,10.3260211945,29.8299999237,0.971000015736
1639659286297338367,,3808,,1639659286,292854700,'',55.4716339111,10.3260211945,29.8299999237,0.972000002861
1639659286331513936,,3809,,1639659286,330133802,'',55.4716339111,10.3260211945,29.8299999237,0.972999989986
1639659286371362745,,3810,,1639659286,370380981,'',55.4716339111,10.3260211945,29.8299999237,0.973999977112
1639659286411470148,,3811,,1639659286,410156254,'',55.4716339111,10.3260211945,29.8299999237,0.975000023842
1639659286450590474,,3812,,1639659286,449248132,'',55.4716339111,10.3260211945,29.8299999237,0.976000010967
1639659286495345288,,3813,,1639659286,492989886,'',55.4716339111,10.3260211945,29.8299999237,0.977999985218
1639659286530419485,,3814,,1639659286,529205784,'',55.4716339111,10.3260211945,29.8299999237,0.978999972343
1639659286571588364,,3815,,1639659286,570319015,'',55.4716339111,10.3260211945,29.8400001526,0.980000019073
1639659286610939795,,3816,,1639659286,610298320,'',55.4716339111,10.3260211945,29.8400001526,0.981000006199
1639659286651465087,,3817,,1639659286,650360283,'',55.4716339111,10.3260211945,29.8400001526,0.98299998045
1639659286694137973,,3818,,1639659286,692774575,'',55.4716339111,10.3260211945,29.8400001526,0.98400002718
1639659286732638008,,3819,,1639659286,730569327,'',55.4716339111,10.3260211945,29.8400001526,0.985000014305
1639659286771516509,,3820,,1639659286,770191800,'',55.4716339111,10.3260211945,29.8400001526,0.986999988556
1639659286810524611,,3821,,1639659286,809255710,'',55.4716339111,10.3260211945,29.8400001526,0.987999975681
1639659286851355824,,3822,,1639659286,850256556,'',55.4716339111,10.3260211945,29.8500003815,0.990000009537
1639659286894537928,,3823,,1639659286,891798300,'',55.4716339111,10.3260211945,29.8500003815,0.990999996662
1639659286931166947,,3824,,1639659286,930439520,'',55.4716339111,10.3260211945,29.8500003815,0.992999970913
1639659286971697712,,3825,,1639659286,970277290,'',55.4716339111,10.3260211945,29.8500003815,0.994000017643
1639659287011608345,,3826,,1639659287,10343924,'',55.4716339111,10.3260211945,29.8500003815,0.995000004768
1639659287051366050,,3827,,1639659287,50098013,'',55.4716339111,10.3260211945,29.8500003815,0.996999979019
1639659287094097880,,3828,,1639659287,92764562,'',55.4716339111,10.3260211945,29.8500003815,0.998000025749
1639659287131438038,,3829,,1639659287,130149905,'',55.4716339111,10.3260211945,29.8500003815,0.999000012875
1639659287170587101,,3830,,1639659287,169293943,'',55.4716339111,10.3260211945,29.8600006104,1.00100004673
1639659287211746507,,3831,,1639659287,210167237,'',55.4716339111,10.3260211945,29.8600006104,1.00199997425
1639659287250848754,,3832,,1639659287,250169711,'',55.4716339111,10.3260211945,29.8600006104,1.00300002098
1639659287294618699,,3833,,1639659287,292920260,'',55.4716339111,10.3260211945,29.8600006104,1.00499999523
1639659287330943302,,3834,,1639659287,330281539,'',55.4716339111,10.3260211945,29.8600006104,1.00600004196
1639659287371138929,,3835,,1639659287,370357581,'',55.4716339111,10.3260211945,29.8600006104,1.00699996948
1639659287411153627,,3836,,1639659287,410120822,'',55.4716339111,10.3260211945,29.8600006104,1.00800001621
1639659287451517510,,3837,,1639659287,450284513,'',55.4716339111,10.3260211945,29.8700008392,1.00999999046
1639659287495029407,,3838,,1639659287,492702517,'',55.4716339111,10.3260211945,29.8700008392,1.01100003719
1639659287530039124,,3839,,1639659287,529284528,'',55.4716339111,10.3260211945,29.8700008392,1.01199996471
1639659287571868933,,3840,,1639659287,570589408,'',55.4716339111,10.3260211945,29.8700008392,1.01300001144
1639659287611383437,,3841,,1639659287,610187240,'',55.4716339111,10.3260211945,29.8700008392,1.01499998569
1639659287651618968,,3842,,1639659287,650336499,'',55.4716339111,10.3260211945,29.8700008392,1.01600003242
1639659287694419886,,3843,,1639659287,692671462,'',55.4716339111,10.3260211945,29.8700008392,1.01800000668
1639659287730520615,,3844,,1639659287,729317154,'',55.4716339111,10.3260211945,29.8700008392,1.01900005341
1639659287771013779,,3845,,1639659287,770132176,'',55.4716339111,10.3260211945,29.8799991608,1.02100002766
1639659287811577760,,3846,,1639659287,810296762,'',55.4716339111,10.3260211945,29.8799991608,1.02199995518
1639659287851072231,,3847,,1639659287,850179140,'',55.4716339111,10.3260211945,29.8799991608,1.02400004864
1639659287895609989,,3848,,1639659287,892901273,'',55.4716339111,10.3260211945,29.8799991608,1.02499997616
1639659287934463818,,3849,,1639659287,931172924,'',55.4716339111,10.3260211945,29.8799991608,1.02600002289
1639659287971547911,,3850,,1639659287,970184321,'',55.4716339111,10.3260211945,29.8799991608,1.02799999714
1639659288013276664,,3851,,1639659288,10318156,'',55.4716339111,10.3260211945,29.8799991608,1.02900004387
1639659288053345443,,3852,,1639659288,51971645,'',55.4716339111,10.3260211945,29.8899993896,1.03100001812
1639659288096100184,,3853,,1639659288,92846922,'',55.4716339111,10.3260211945,29.8899993896,1.03199994564
1639659288131603119,,3854,,1639659288,130120041,'',55.4716339111,10.3260211945,29.8899993896,1.03299999237
1639659288171343288,,3855,,1639659288,170312788,'',55.4716339111,10.3260211945,29.8899993896,1.03499996662
1639659288211017728,,3856,,1639659288,210124573,'',55.4716339111,10.3260211945,29.8899993896,1.03600001335
1639659288250557704,,3857,,1639659288,249234723,'',55.4716339111,10.3260211945,29.8899993896,1.03699994087
1639659288295936873,,3858,,1639659288,292832860,'',55.4716339111,10.3260211945,29.8899993896,1.03900003433
1639659288330990110,,3859,,1639659288,330205819,'',55.4716339111,10.3260211945,29.8999996185,1.03999996185
1639659288371769035,,3860,,1639659288,370315461,'',55.4716339111,10.3260211945,29.8999996185,1.04200005531
1639659288411094066,,3861,,1639659288,409983374,'',55.4716339111,10.3260211945,29.8999996185,1.04299998283
1639659288451534622,,3862,,1639659288,450348377,'',55.4716339111,10.3260211945,29.8999996185,1.04499995708
1639659288493576753,,3863,,1639659288,492832206,'',55.4716339111,10.3260211945,29.8999996185,1.04600000381
1639659288531364625,,3864,,1639659288,530288333,'',55.4716339111,10.3260211945,29.8999996185,1.04799997807
1639659288571192091,,3865,,1639659288,570135670,'',55.4716339111,10.3260211945,29.9099998474,1.04999995232
1639659288609919007,,3866,,1639659288,609244028,'',55.4716339111,10.3260211945,29.9099998474,1.05099999905
1639659288651383119,,3867,,1639659288,650189898,'',55.4716339111,10.3260211945,29.9099998474,1.0529999733
1639659288694764040,,3868,,1639659288,692682399,'',55.4716339111,10.3260211945,29.9099998474,1.05400002003
1639659288731765765,,3869,,1639659288,730388319,'',55.4716339111,10.3260211945,29.9099998474,1.05599999428
1639659288771611758,,3870,,1639659288,770492553,'',55.4716339111,10.3260211945,29.9099998474,1.05799996853
1639659288811976281,,3871,,1639659288,810352243,'',55.4716339111,10.3260211945,29.9099998474,1.05900001526
1639659288851219104,,3872,,1639659288,850101147,'',55.4716339111,10.3260211945,29.9200000763,1.06099998951
1639659288894384376,,3873,,1639659288,892970578,'',55.4716339111,10.3260211945,29.9200000763,1.06200003624
1639659288931000563,,3874,,1639659288,930141007,'',55.4716339111,10.3260211945,29.9200000763,1.06400001049
1639659288970400474,,3875,,1639659288,969236790,'',55.4716339111,10.3260211945,29.9200000763,1.06500005722
1639659289011981451,,3876,,1639659289,10129091,'',55.4716339111,10.3260211945,29.9200000763,1.06700003147
1639659289051423923,,3877,,1639659289,50136557,'',55.4716339111,10.3260211945,29.9200000763,1.06900000572
1639659289094758475,,3878,,1639659289,92797986,'',55.4716339111,10.3260211945,29.9300003052,1.07000005245
1639659289131198886,,3879,,1639659289,130256866,'',55.4716339111,10.3260211945,29.9300003052,1.0720000267
1639659289171511313,,3880,,1639659289,170322124,'',55.4716339111,10.3260211945,29.9300003052,1.07400000095
1639659289211753116,,3881,,1639659289,210441014,'',55.4716339111,10.3260211945,29.9300003052,1.07500004768
1639659289251892582,,3882,,1639659289,250570689,'',55.4716339111,10.3260211945,29.9300003052,1.07700002193
1639659289294325819,,3883,,1639659289,292765268,'',55.4716339111,10.3260211945,29.9300003052,1.07799994946
1639659289330393492,,3884,,1639659289,329261359,'',55.4716339111,10.3260211945,29.9300003052,1.07899999619
1639659289371511618,,3885,,1639659289,370355102,'',55.4716339111,10.3260211945,29.9400005341,1.08000004292
1639659289409746981,,3886,,1639659289,409136258,'',55.4716339111,10.3260211945,29.9400005341,1.08099997044
1639659289451411254,,3887,,1639659289,450363377,'',55.4716339111,10.3260211945,29.9400005341,1.08200001717
1639659289495192688,,3888,,1639659289,492782214,'',55.4716339111,10.3260211945,29.9400005341,1.08299994469
1639659289531536010,,3889,,1639659289,530382661,'',55.4716339111,10.3260211945,29.9400005341,1.08399999142
1639659289571153459,,3890,,1639659289,570101390,'',55.4716339111,10.3260211945,29.9400005341,1.08399999142
1639659289611366749,,3891,,1639659289,610385945,'',55.4716339111,10.3260211945,29.9400005341,1.08500003815
1639659289650849381,,3892,,1639659289,650168578,'',55.4716339111,10.3260211945,29.9400005341,1.08599996567
1639659289694373822,,3893,,1639659289,693111449,'',55.4716339111,10.3260211945,29.9400005341,1.08599996567
1639659289731716317,,3894,,1639659289,730314231,'',55.4716339111,10.3260211945,29.9400005341,1.0870000124
1639659289771397605,,3895,,1639659289,770313153,'',55.4716339111,10.3260211945,29.9400005341,1.0870000124
1639659289811976690,,3896,,1639659289,810358379,'',55.4716339111,10.3260211945,29.9400005341,1.08800005913
1639659289851302489,,3897,,1639659289,850185684,'',55.4716339111,10.3260211945,29.9400005341,1.08800005913
1639659289894850706,,3898,,1639659289,892799913,'',55.4716339111,10.3260211945,29.9400005341,1.08899998665
1639659289931424749,,3899,,1639659289,930168648,'',55.4716339111,10.3260211945,29.9400005341,1.08899998665
1639659289971424791,,3900,,1639659289,970266034,'',55.4716339111,10.3260211945,29.9400005341,1.08899998665
1639659290011192512,,3901,,1639659290,10140507,'',55.4716339111,10.3260211945,29.9400005341,1.08899998665
1639659290050593799,,3902,,1639659290,49221921,'',55.4716339111,10.3260211945,29.9400005341,1.08899998665
1639659290096519466,,3903,,1639659290,93066524,'',55.4716339111,10.3260211945,29.9500007629,1.09000003338
1639659290131370494,,3904,,1639659290,130270554,'',55.4716339111,10.3260211945,29.9400005341,1.08899998665
1639659290171443273,,3905,,1639659290,170338404,'',55.4716339111,10.3260211945,29.9500007629,1.09000003338
1639659290211300434,,3906,,1639659290,210295822,'',55.4716339111,10.3260211945,29.9500007629,1.09000003338
1639659290250187479,,3907,,1639659290,249261011,'',55.4716339111,10.3260211945,29.9400005341,1.08899998665
1639659290295906969,,3908,,1639659290,292648332,'',55.4716339111,10.3260211945,29.9400005341,1.08899998665
1639659290331560017,,3909,,1639659290,330310156,'',55.4716339111,10.3260211945,29.9400005341,1.08899998665
1639659290373242658,,3910,,1639659290,370160117,'',55.4716339111,10.3260211945,29.9400005341,1.08899998665
1639659290409924670,,3911,,1639659290,409232251,'',55.4716339111,10.3260211945,29.9400005341,1.08899998665
1639659290450881548,,3912,,1639659290,450144137,'',55.4716339111,10.3260211945,29.9400005341,1.08899998665
1639659290494955143,,3913,,1639659290,491682937,'',55.4716339111,10.3260211945,29.9400005341,1.08899998665
1639659290531619107,,3914,,1639659290,530456382,'',55.4716339111,10.3260211945,29.9400005341,1.08899998665
1639659290569807077,,3915,,1639659290,569171394,'',55.4716339111,10.3260211945,29.9400005341,1.08899998665
1639659290611711159,,3916,,1639659290,610366097,'',55.4716339111,10.3260211945,29.9400005341,1.08899998665
1639659290651369664,,3917,,1639659290,650077978,'',55.4716339111,10.3260211945,29.9500007629,1.09000003338
1639659290693893716,,3918,,1639659290,692980592,'',55.4716339111,10.3260211945,29.9500007629,1.09000003338
1639659290731361843,,3919,,1639659290,730174318,'',55.4716339111,10.3260211945,29.9500007629,1.09000003338
1639659290770361273,,3920,,1639659290,769201556,'',55.4716339111,10.3260211945,29.9500007629,1.09000003338
1639659290812237515,,3921,,1639659290,810374787,'',55.4716339111,10.3260211945,29.9500007629,1.09000003338
1639659290851022096,,3922,,1639659290,850174668,'',55.4716339111,10.3260211945,29.9500007629,1.09000003338
1639659290896929491,,3923,,1639659290,892823329,'',55.4716339111,10.3260211945,29.9500007629,1.09000003338
1639659290931241924,,3924,,1639659290,929958783,'',55.4716339111,10.3260211945,29.9500007629,1.09000003338
1639659290971437839,,3925,,1639659290,970327499,'',55.4716339111,10.3260211945,29.9500007629,1.09000003338
1639659291012775071,,3926,,1639659291,10129332,'',55.4716339111,10.3260211945,29.9500007629,1.09000003338
1639659291053153034,,3927,,1639659291,50200414,'',55.4716339111,10.3260211945,29.9500007629,1.09000003338
1639659291094001304,,3928,,1639659291,92741203,'',55.4716339111,10.3260211945,29.9500007629,1.09000003338
1639659291131641144,,3929,,1639659291,130386930,'',55.4716339111,10.3260211945,29.9400005341,1.08899998665
1639659291171712834,,3930,,1639659291,170185980,'',55.4716339111,10.3260211945,29.9400005341,1.08899998665
1639659291212042989,,3931,,1639659291,210587527,'',55.4716339111,10.3260211945,29.9400005341,1.08899998665
1639659291250973779,,3932,,1639659291,250329712,'',55.4716339111,10.3260211945,29.9400005341,1.08800005913
1639659291294011242,,3933,,1639659291,292846981,'',55.4716339111,10.3260211945,29.9400005341,1.08800005913
1639659291331670538,,3934,,1639659291,330336996,'',55.4716339111,10.3260211945,29.9400005341,1.08800005913
1639659291373640668,,3935,,1639659291,370854512,'',55.4716339111,10.3260211945,29.9400005341,1.08800005913
1639659291411260764,,3936,,1639659291,410264343,'',55.4716339111,10.3260211945,29.9400005341,1.08800005913
1639659291451125605,,3937,,1639659291,450144289,'',55.4716339111,10.3260211945,29.9400005341,1.08800005913
1639659291493264376,,3938,,1639659291,491776722,'',55.4716339111,10.3260211945,29.9400005341,1.0870000124
1639659291531069273,,3939,,1639659291,530147285,'',55.4716339111,10.3260211945,29.9400005341,1.0870000124
1639659291569924382,,3940,,1639659291,569187963,'',55.4716339111,10.3260211945,29.9400005341,1.0870000124
1639659291611660143,,3941,,1639659291,610362953,'',55.4716339111,10.3260211945,29.9400005341,1.08599996567
1639659291651571449,,3942,,1639659291,650283379,'',55.4716339111,10.3260211945,29.9400005341,1.08599996567
1639659291695351923,,3943,,1639659291,692940392,'',55.4716339111,10.3260211945,29.9400005341,1.08599996567
1639659291735253436,,3944,,1639659291,730109542,'',55.4716339111,10.3260211945,29.9400005341,1.08599996567
1639659291774759652,,3945,,1639659291,770552050,'',55.4716339111,10.3260211945,29.9400005341,1.08500003815
1639659291811487008,,3946,,1639659291,810112122,'',55.4716339111,10.3260211945,29.9400005341,1.08500003815
1639659291850088836,,3947,,1639659291,849189952,'',55.4716339111,10.3260211945,29.9400005341,1.08500003815
1639659291894660513,,3948,,1639659291,892896314,'',55.4716339111,10.3260211945,29.9400005341,1.08399999142
1639659291930615482,,3949,,1639659291,929176116,'',55.4716339111,10.3260211945,29.9400005341,1.08399999142
1639659291972578604,,3950,,1639659291,970357315,'',55.4716339111,10.3260211945,29.9400005341,1.08399999142
1639659292011440433,,3951,,1639659292,10206092,'',55.4716339111,10.3260211945,29.9400005341,1.08299994469
1639659292051230458,,3952,,1639659292,50319158,'',55.4716339111,10.3260211945,29.9400005341,1.08200001717
1639659292093768143,,3953,,1639659292,92725483,'',55.4716339111,10.3260211945,29.9400005341,1.08200001717
1639659292131428815,,3954,,1639659292,130344170,'',55.4716339111,10.3260211945,29.9400005341,1.08099997044
1639659292171572186,,3955,,1639659292,170132115,'',55.4716339111,10.3260211945,29.9400005341,1.08000004292
1639659292210562687,,3956,,1639659292,209238650,'',55.4716339111,10.3260211945,29.9400005341,1.08000004292
1639659292251636174,,3957,,1639659292,250150887,'',55.4716339111,10.3260211945,29.9300003052,1.07899999619
1639659292294724805,,3958,,1639659292,292720316,'',55.4716339111,10.3260211945,29.9300003052,1.07799994946
1639659292332680166,,3959,,1639659292,330367356,'',55.4716339111,10.3260211945,29.9300003052,1.07700002193
1639659292371540235,,3960,,1639659292,370202821,'',55.4716339111,10.3260211945,29.9300003052,1.0759999752
1639659292411028307,,3961,,1639659292,410358832,'',55.4716339111,10.3260211945,29.9300003052,1.07500004768
1639659292451077693,,3962,,1639659292,450099673,'',55.4716339111,10.3260211945,29.9300003052,1.07400000095
1639659292493560145,,3963,,1639659292,492835182,'',55.4716339111,10.3260211945,29.9300003052,1.07299995422
1639659292530955952,,3964,,1639659292,530178029,'',55.4716339111,10.3260211945,29.9300003052,1.07099997997
1639659292570501528,,3965,,1639659292,569306355,'',55.4716339111,10.3260211945,29.9300003052,1.07000005245
1639659292611309734,,3966,,1639659292,610574179,'',55.4716339111,10.3260211945,29.9200000763,1.06900000572
1639659292650910638,,3967,,1639659292,650156875,'',55.4716339111,10.3260211945,29.9200000763,1.06700003147
1639659292694594311,,3968,,1639659292,692801024,'',55.4716339111,10.3260211945,29.9200000763,1.06599998474
1639659292731463140,,3969,,1639659292,730300767,'',55.4716339111,10.3260211945,29.9200000763,1.06500005722
1639659292773023413,,3970,,1639659292,769821191,'',55.4716339111,10.3260211945,29.9200000763,1.06400001049
1639659292811205623,,3971,,1639659292,810095058,'',55.4716339111,10.3260211945,29.9200000763,1.06200003624
1639659292851055360,,3972,,1639659292,850210077,'',55.4716339111,10.3260211945,29.9200000763,1.06099998951
1639659292896246464,,3973,,1639659292,892808786,'',55.4716339111,10.3260211945,29.9200000763,1.05999994278
1639659292931712951,,3974,,1639659292,930367185,'',55.4716339111,10.3260211945,29.9099998474,1.05799996853
1639659292971280223,,3975,,1639659292,970157466,'',55.4716339111,10.3260211945,29.9099998474,1.05700004101
1639659293011278121,,3976,,1639659293,10177956,'',55.4716339111,10.3260211945,29.9099998474,1.05499994755
1639659293051327379,,3977,,1639659293,50355471,'',55.4716339111,10.3260211945,29.9099998474,1.05400002003
1639659293094415498,,3978,,1639659293,92618082,'',55.4716339111,10.3260211945,29.9099998474,1.0529999733
1639659293131472519,,3979,,1639659293,130388835,'',55.4716339111,10.3260211945,29.9099998474,1.05099999905
1639659293171478321,,3980,,1639659293,170093995,'',55.4716339111,10.3260211945,29.9099998474,1.04999995232
1639659293211645788,,3981,,1639659293,210256438,'',55.4716339111,10.3260211945,29.8999996185,1.0490000248
1639659293250070143,,3982,,1639659293,249101275,'',55.4716339111,10.3260211945,29.8999996185,1.04700005054
1639659293292866293,,3983,,1639659293,291817297,'',55.4716339111,10.3260211945,29.8999996185,1.04600000381
1639659293330874038,,3984,,1639659293,330265460,'',55.4716339111,10.3260221481,29.8999996185,1.04400002956
1639659293371323906,,3985,,1639659293,370295006,'',55.4716339111,10.3260221481,29.8999996185,1.04299998283
1639659293411173324,,3986,,1639659293,410347656,'',55.4716339111,10.3260221481,29.8999996185,1.04200005531
1639659293451251734,,3987,,1639659293,449939568,'',55.4716339111,10.3260221481,29.8999996185,1.03999996185
1639659293494065356,,3988,,1639659293,492782118,'',55.4716339111,10.3260221481,29.8899993896,1.03900003433
1639659293531641323,,3989,,1639659293,530117221,'',55.4716339111,10.3260221481,29.8899993896,1.0379999876
1639659293570751666,,3990,,1639659293,569433132,'',55.4716339111,10.3260221481,29.8899993896,1.03600001335
1639659293610874172,,3991,,1639659293,610135801,'',55.4716339111,10.3260221481,29.8899993896,1.03499996662
1639659293650427556,,3992,,1639659293,649203935,'',55.4716339111,10.3260221481,29.8899993896,1.03299999237
1639659293695609156,,3993,,1639659293,692849240,'',55.4716339111,10.3260221481,29.8899993896,1.03100001812
1639659293731350876,,3994,,1639659293,730209943,'',55.4716339111,10.3260221481,29.8899993896,1.02999997139
1639659293771506822,,3995,,1639659293,770329377,'',55.4716339111,10.3260221481,29.8799991608,1.02799999714
1639659293811663441,,3996,,1639659293,810298379,'',55.4716339111,10.3260221481,29.8799991608,1.02600002289
1639659293851513178,,3997,,1639659293,850369717,'',55.4716339111,10.3260221481,29.8799991608,1.02499997616
1639659293896094296,,3998,,1639659293,892753737,'',55.4716339111,10.3260221481,29.8799991608,1.02300000191
1639659293932626099,,3999,,1639659293,930292521,'',55.4716339111,10.3260221481,29.8799991608,1.02100002766
1639659293971013910,,4000,,1639659293,970111538,'',55.4716339111,10.3260221481,29.8799991608,1.01999998093
1639659294010585022,,4001,,1639659294,9210328,'',55.4716339111,10.3260221481,29.8700008392,1.01800000668
1639659294051626604,,4002,,1639659294,50118502,'',55.4716339111,10.3260221481,29.8700008392,1.01600003242
1639659294093842912,,4003,,1639659294,92677851,'',55.4716339111,10.3260221481,29.8700008392,1.01400005817
1639659294131512096,,4004,,1639659294,130333019,'',55.4716339111,10.3260221481,29.8700008392,1.01199996471
1639659294171371305,,4005,,1639659294,170314245,'',55.4716339111,10.3260221481,29.8700008392,1.00999999046
1639659294211119602,,4006,,1639659294,210344015,'',55.4716339111,10.3260221481,29.8600006104,1.00800001621
1639659294251246268,,4007,,1639659294,250081719,'',55.4716339111,10.3260221481,29.8600006104,1.00600004196
1639659294295999771,,4008,,1639659294,292960750,'',55.4716339111,10.3260221481,29.8600006104,1.0039999485
1639659294331174672,,4009,,1639659294,330187468,'',55.4716339111,10.3260221481,29.8600006104,1.00199997425
1639659294369957173,,4010,,1639659294,369205009,'',55.4716339111,10.3260221481,29.8600006104,1.0
1639659294411101027,,4011,,1639659294,410142175,'',55.4716339111,10.3260221481,29.8500003815,0.998000025749
1639659294451774256,,4012,,1639659294,449160325,'',55.4716339111,10.3260221481,29.8500003815,0.995999991894
1639659294498924121,,4013,,1639659294,494560326,'',55.4716339111,10.3260221481,29.8500003815,0.994000017643
1639659294531409987,,4014,,1639659294,530356478,'',55.4716339111,10.3260221481,29.8500003815,0.991999983788
1639659294571605037,,4015,,1639659294,570338952,'',55.4716339111,10.3260221481,29.8500003815,0.990000009537
1639659294611791512,,4016,,1639659294,610104785,'',55.4716339111,10.3260221481,29.8400001526,0.986999988556
1639659294651303808,,4017,,1639659294,650193339,'',55.4716339111,10.3260221481,29.8400001526,0.985000014305
1639659294694385943,,4018,,1639659294,692794192,'',55.4716339111,10.3260221481,29.8400001526,0.98299998045
1639659294729949550,,4019,,1639659294,729241771,'',55.4716339111,10.3260221481,29.8400001526,0.980000019073
1639659294771188605,,4020,,1639659294,770097689,'',55.4716339111,10.3260221481,29.8299999237,0.977999985218
1639659294810964902,,4021,,1639659294,810178371,'',55.4716339111,10.3260221481,29.8299999237,0.976000010967
1639659294850981328,,4022,,1639659294,850283597,'',55.4716339111,10.3260221481,29.8299999237,0.973999977112
1639659294894484297,,4023,,1639659294,892835906,'',55.4716339111,10.3260221481,29.8299999237,0.972000002861
1639659294931443462,,4024,,1639659294,930326273,'',55.4716339111,10.3260221481,29.8299999237,0.97000002861
1639659294970901518,,4025,,1639659294,970112234,'',55.4716339111,10.3260221481,29.8199996948,0.96899998188
1639659295011297881,,4026,,1639659295,10197429,'',55.4716339111,10.3260221481,29.8199996948,0.967000007629
1639659295051273763,,4027,,1639659295,50064126,'',55.4716339111,10.3260221481,29.8199996948,0.964999973774
1639659295093696535,,4028,,1639659295,92735635,'',55.4716339111,10.3260221481,29.8199996948,0.962999999523
1639659295131900858,,4029,,1639659295,130570164,'',55.4716339111,10.3260221481,29.8199996948,0.961000025272
1639659295171289473,,4030,,1639659295,170148700,'',55.4716339111,10.3260221481,29.8099994659,0.958999991417
1639659295211028714,,4031,,1639659295,210340615,'',55.4716339111,10.3260221481,29.8099994659,0.958000004292
1639659295251613814,,4032,,1639659295,250203888,'',55.4716339111,10.3260221481,29.8099994659,0.954999983311
1639659295292879877,,4033,,1639659295,291760993,'',55.4716339111,10.3260221481,29.8099994659,0.95300000906
1639659295331462793,,4034,,1639659295,330144068,'',55.4716339111,10.3260221481,29.8099994659,0.952000021935
1639659295371799893,,4035,,1639659295,370207182,'',55.4716339111,10.3260211945,29.7999992371,0.949000000954
1639659295410896859,,4036,,1639659295,410107511,'',55.4716339111,10.3260211945,29.7999992371,0.947000026703
1639659295449891424,,4037,,1639659295,449249022,'',55.4716339111,10.3260211945,29.7999992371,0.944999992847
1639659295493919451,,4038,,1639659295,492867863,'',55.4716339111,10.3260211945,29.7999992371,0.943000018597
1639659295529822740,,4039,,1639659295,529148401,'',55.4716339111,10.3260211945,29.7999992371,0.940999984741
1639659295571509413,,4040,,1639659295,570344416,'',55.4716339111,10.3260211945,29.7900009155,0.93900001049
1639659295611640368,,4041,,1639659295,610268746,'',55.4716339111,10.3260211945,29.7900009155,0.936999976635
1639659295650887798,,4042,,1639659295,650287668,'',55.4716339111,10.3260211945,29.7900009155,0.935000002384
1639659295693566092,,4043,,1639659295,692653448,'',55.4716339111,10.3260211945,29.7900009155,0.933000028133
1639659295731782798,,4044,,1639659295,730274472,'',55.4716339111,10.3260211945,29.7900009155,0.930999994278
1639659295770989685,,4045,,1639659295,770112785,'',55.4716339111,10.3260211945,29.7800006866,0.929000020027
1639659295810337436,,4046,,1639659295,809188535,'',55.4716339111,10.3260211945,29.7800006866,0.925999999046
1639659295851012168,,4047,,1639659295,850206277,'',55.4716339111,10.3260211945,29.7800006866,0.924000024796
1639659295894056319,,4048,,1639659295,891769686,'',55.4716339111,10.3260211945,29.7800006866,0.92199999094
1639659295931862688,,4049,,1639659295,930342329,'',55.4716339111,10.3260211945,29.7800006866,0.920000016689
1639659295971011046,,4050,,1639659295,969938338,'',55.4716339111,10.3260211945,29.7700004578,0.917999982834
1639659296011618419,,4051,,1639659296,10296301,'',55.4716339111,10.3260211945,29.7700004578,0.916000008583
1639659296050940122,,4052,,1639659296,50105078,'',55.4716339111,10.3260211945,29.7700004578,0.912999987602
1639659296094406546,,4053,,1639659296,92807148,'',55.4716339111,10.3260211945,29.7700004578,0.911000013351
1639659296132385940,,4054,,1639659296,130129994,'',55.4716339111,10.3260211945,29.7600002289,0.908999979496
1639659296172342142,,4055,,1639659296,169220464,'',55.4716339111,10.3260211945,29.7600002289,0.907000005245
1639659296211517252,,4056,,1639659296,210112286,'',55.4716339111,10.3260211945,29.7600002289,0.90499997139
1639659296251382285,,4057,,1639659296,250285865,'',55.4716339111,10.3260211945,29.7600002289,0.902999997139
1639659296294488036,,4058,,1639659296,292825117,'',55.4716339111,10.3260211945,29.7600002289,0.899999976158
1639659296331330177,,4059,,1639659296,330194620,'',55.4716339111,10.3260211945,29.75,0.898000001907
1639659296371318123,,4060,,1639659296,370317031,'',55.4716339111,10.3260211945,29.75,0.896000027657
1639659296411609174,,4061,,1639659296,410113648,'',55.4716339111,10.3260211945,29.75,0.893999993801
1639659296451096926,,4062,,1639659296,450201402,'',55.4716339111,10.3260211945,29.75,0.89200001955
1639659296494820951,,4063,,1639659296,492676654,'',55.4716339111,10.3260211945,29.75,0.889999985695
1639659296531671252,,4064,,1639659296,529232138,'',55.4716339111,10.3260211945,29.7399997711,0.888000011444
1639659296572099424,,4065,,1639659296,570685562,'',55.4716339111,10.3260211945,29.7399997711,0.885999977589
1639659296610852868,,4066,,1639659296,610140769,'',55.4716339111,10.3260211945,29.7399997711,0.884000003338
1639659296650970383,,4067,,1639659296,650282412,'',55.4716339111,10.3260211945,29.7399997711,0.880999982357
1639659296694493928,,4068,,1639659296,692700384,'',55.4716339111,10.3260211945,29.7299995422,0.879000008106
1639659296731083267,,4069,,1639659296,730414784,'',55.4716339111,10.3260211945,29.7299995422,0.878000020981
1639659296772866677,,4070,,1639659296,770100073,'',55.4716339111,10.3260211945,29.7299995422,0.875999987125
1639659296811273272,,4071,,1639659296,810559861,'',55.4716339111,10.3260211945,29.7299995422,0.874000012875
1639659296851411906,,4072,,1639659296,850078909,'',55.4716339111,10.3260211945,29.7299995422,0.871999979019
1639659296893577301,,4073,,1639659296,891800334,'',55.4716339111,10.3260211945,29.7299995422,0.870000004768
1639659296931422518,,4074,,1639659296,930263313,'',55.4716339111,10.3260211945,29.7199993134,0.867999970913
1639659296970645725,,4075,,1639659296,969132406,'',55.4716339111,10.3260211945,29.7199993134,0.866999983788
1639659297012143053,,4076,,1639659297,11041960,'',55.4716339111,10.3260211945,29.7199993134,0.865000009537
1639659297051600757,,4077,,1639659297,50187695,'',55.4716339111,10.3260211945,29.7199993134,0.862999975681
1639659297093879656,,4078,,1639659297,92925764,'',55.4716339111,10.3260211945,29.7199993134,0.861999988556
1639659297132263051,,4079,,1639659297,130094178,'',55.4716339111,10.3260211945,29.7199993134,0.860000014305
1639659297171491186,,4080,,1639659297,170271309,'',55.4716339111,10.3260211945,29.7099990845,0.85799998045
1639659297213100003,,4081,,1639659297,210105142,'',55.4716339111,10.3260211945,29.7099990845,0.856999993324
1639659297250556706,,4082,,1639659297,249273021,'',55.4716339111,10.3260211945,29.7099990845,0.855000019073
1639659297294367740,,4083,,1639659297,292823542,'',55.4716300964,10.3260211945,29.7099990845,0.853999972343
1639659297332558430,,4084,,1639659297,330363605,'',55.4716300964,10.3260211945,29.7099990845,0.852999985218
1639659297371453892,,4085,,1639659297,370277247,'',55.4716300964,10.3260211945,29.7099990845,0.851000010967
1639659297411136588,,4086,,1639659297,410184776,'',55.4716300964,10.3260211945,29.7099990845,0.850000023842
1639659297451714201,,4087,,1639659297,450419475,'',55.4716300964,10.3260211945,29.7000007629,0.847999989986
1639659297494781935,,4088,,1639659297,492658982,'',55.4716300964,10.3260211945,29.7000007629,0.847000002861
1639659297534047286,,4089,,1639659297,531493675,'',55.4716300964,10.3260211945,29.7000007629,0.846000015736
1639659297574264673,,4090,,1639659297,571106164,'',55.4716300964,10.3260211945,29.7000007629,0.84399998188
1639659297610309146,,4091,,1639659297,609224502,'',55.4716300964,10.3260211945,29.7000007629,0.842999994755
1639659297654089460,,4092,,1639659297,650582309,'',55.4716300964,10.3260211945,29.7000007629,0.842000007629
1639659297694581376,,4093,,1639659297,692654392,'',55.4716300964,10.3260211945,29.7000007629,0.839999973774
1639659297732565602,,4094,,1639659297,730324504,'',55.4716300964,10.3260211945,29.6900005341,0.838999986649
1639659297772751404,,4095,,1639659297,770205314,'',55.4716300964,10.3260211945,29.6900005341,0.837999999523
1639659297810786158,,4096,,1639659297,809272839,'',55.4716300964,10.3260211945,29.6900005341,0.837000012398
1639659297852570943,,4097,,1639659297,850068181,'',55.4716300964,10.3260211945,29.6900005341,0.836000025272
1639659297893946575,,4098,,1639659297,893210316,'',55.4716300964,10.3260211945,29.6900005341,0.834999978542
1639659297931767984,,4099,,1639659297,930125417,'',55.4716300964,10.3260211945,29.6900005341,0.833000004292
1639659297970528277,,4100,,1639659297,969236943,'',55.4716300964,10.3260211945,29.6900005341,0.832000017166
1639659298011859396,,4101,,1639659298,10150173,'',55.4716300964,10.3260211945,29.6900005341,0.830999970436
1639659298050990826,,4102,,1639659298,50118855,'',55.4716300964,10.3260211945,29.6900005341,0.829999983311
1639659298094567619,,4103,,1639659298,92867036,'',55.4716300964,10.3260211945,29.6800003052,0.828999996185
1639659298131373504,,4104,,1639659298,130189819,'',55.4716300964,10.3260211945,29.6800003052,0.82800000906
1639659298171683915,,4105,,1639659298,170371077,'',55.4716300964,10.3260211945,29.6800003052,0.827000021935
1639659298211389908,,4106,,1639659298,210099054,'',55.4716300964,10.3260211945,29.6800003052,0.825999975204
1639659298251485342,,4107,,1639659298,250377561,'',55.4716300964,10.3260211945,29.6800003052,0.824999988079
1639659298294997911,,4108,,1639659298,292638093,'',55.4716300964,10.3260211945,29.6800003052,0.824000000954
1639659298330538766,,4109,,1639659298,329231080,'',55.4716300964,10.3260211945,29.6800003052,0.823000013828
1639659298371476252,,4110,,1639659298,370299607,'',55.4716300964,10.3260211945,29.6800003052,0.822000026703
1639659298410045248,,4111,,1639659298,409130748,'',55.4716300964,10.3260211945,29.6800003052,0.820999979973
1639659298450928269,,4112,,1639659298,450311947,'',55.4716300964,10.3260211945,29.6800003052,0.819999992847
1639659298493222241,,4113,,1639659298,492421662,'',55.4716300964,10.3260211945,29.6800003052,0.819999992847
1639659298531767173,,4114,,1639659298,530438335,'',55.4716300964,10.3260211945,29.6700000763,0.819000005722
1639659298570852523,,4115,,1639659298,570099368,'',55.4716300964,10.3260211945,29.6700000763,0.818000018597
1639659298611182326,,4116,,1639659298,610289042,'',55.4716300964,10.3260211945,29.6700000763,0.816999971867
1639659298651299297,,4117,,1639659298,650094683,'',55.4716300964,10.3260211945,29.6700000763,0.815999984741
1639659298692709584,,4118,,1639659298,691764684,'',55.4716300964,10.3260211945,29.6700000763,0.814999997616
1639659298731656726,,4119,,1639659298,730197904,'',55.4716300964,10.3260211945,29.6700000763,0.81400001049
1639659298772575204,,4120,,1639659298,770884413,'',55.4716300964,10.3260211945,29.6700000763,0.813000023365
1639659298811433225,,4121,,1639659298,810343716,'',55.4716300964,10.3260211945,29.6700000763,0.811999976635
1639659298851086545,,4122,,1639659298,850159501,'',55.4716300964,10.3260211945,29.6700000763,0.81099998951
1639659298895038412,,4123,,1639659298,892979651,'',55.4716300964,10.3260211945,29.6700000763,0.810000002384
1639659298931380646,,4124,,1639659298,930092161,'',55.4716300964,10.3260211945,29.6599998474,0.809000015259
1639659298971479985,,4125,,1639659298,970190059,'',55.4716300964,10.3260211945,29.6599998474,0.808000028133
1639659299011234330,,4126,,1639659299,10098293,'',55.4716300964,10.3260211945,29.6599998474,0.806999981403
1639659299050451040,,4127,,1639659299,49205659,'',55.4716300964,10.3260211945,29.6599998474,0.806999981403
1639659299094109434,,4128,,1639659299,92730772,'',55.4716300964,10.3260211945,29.6599998474,0.805999994278
1639659299131399800,,4129,,1639659299,130167187,'',55.4716300964,10.3260211945,29.6599998474,0.805000007153
1639659299171932612,,4130,,1639659299,170392254,'',55.4716300964,10.3260211945,29.6599998474,0.804000020027
1639659299211304908,,4131,,1639659299,210175271,'',55.4716300964,10.3260211945,29.6599998474,0.802999973297
1639659299250649811,,4132,,1639659299,249186988,'',55.4716300964,10.3260211945,29.6599998474,0.801999986172
1639659299294625229,,4133,,1639659299,292644197,'',55.4716300964,10.3260211945,29.6599998474,0.800999999046
1639659299332128653,,4134,,1639659299,330540006,'',55.4716300964,10.3260211945,29.6599998474,0.800000011921
1639659299371406004,,4135,,1639659299,370106606,'',55.4716300964,10.3260211945,29.6499996185,0.799000024796
1639659299410594010,,4136,,1639659299,409238164,'',55.4716300964,10.3260211945,29.6499996185,0.797999978065
1639659299450795685,,4137,,1639659299,450108098,'',55.4716300964,10.3260211945,29.6499996185,0.79699999094
1639659299495112513,,4138,,1639659299,494030173,'',55.4716300964,10.3260211945,29.6499996185,0.796000003815
1639659299532135902,,4139,,1639659299,530472215,'',55.4716300964,10.3260211945,29.6499996185,0.795000016689
1639659299571472166,,4140,,1639659299,570203200,'',55.4716300964,10.3260211945,29.6499996185,0.794000029564
1639659299612515380,,4141,,1639659299,610343211,'',55.4716300964,10.3260211945,29.6499996185,0.791999995708
1639659299651004599,,4142,,1639659299,650072052,'',55.4716300964,10.3260211945,29.6499996185,0.791000008583
1639659299694154415,,4143,,1639659299,692872009,'',55.4716300964,10.3260211945,29.6499996185,0.790000021458
1639659299730947787,,4144,,1639659299,730131272,'',55.4716300964,10.3260211945,29.6399993896,0.788999974728
1639659299770055345,,4145,,1639659299,769260942,'',55.4716300964,10.3260211945,29.6399993896,0.787999987602
1639659299811485633,,4146,,1639659299,810088923,'',55.4716300964,10.3260211945,29.6399993896,0.787000000477
1639659299851127626,,4147,,1639659299,850140933,'',55.4716300964,10.3260211945,29.6399993896,0.785000026226
1639659299894564418,,4148,,1639659299,892889819,'',55.4716300964,10.3260211945,29.6399993896,0.783999979496
1639659299931629760,,4149,,1639659299,930192729,'',55.4716300964,10.3260211945,29.6399993896,0.782999992371
1639659299971733162,,4150,,1639659299,970271620,'',55.4716300964,10.3260211945,29.6399993896,0.782000005245
1639659300011458131,,4151,,1639659300,10094957,'',55.4716300964,10.3260211945,29.6399993896,0.77999997139
1639659300051155835,,4152,,1639659300,50284536,'',55.4716300964,10.3260211945,29.6299991608,0.778999984264
1639659300095938714,,4153,,1639659300,92763628,'',55.4716300964,10.3260211945,29.6299991608,0.777999997139
1639659300131537073,,4154,,1639659300,129206727,'',55.4716300964,10.3260211945,29.6299991608,0.777000010014
1639659300173486403,,4155,,1639659300,170584439,'',55.4716300964,10.3260211945,29.6299991608,0.774999976158
1639659300211660869,,4156,,1639659300,210133951,'',55.4716300964,10.3260211945,29.6299991608,0.773999989033
1639659300251763952,,4157,,1639659300,250408234,'',55.4716300964,10.3260211945,29.6299991608,0.773000001907
1639659300296247309,,4158,,1639659300,292667229,'',55.4716300964,10.3260211945,29.6299991608,0.771000027657
1639659300330582814,,4159,,1639659300,329242617,'',55.4716300964,10.3260211945,29.6299991608,0.769999980927
1639659300371231627,,4160,,1639659300,370109926,'',55.4716300964,10.3260211945,29.6200008392,0.768000006676
1639659300411296149,,4161,,1639659300,410177777,'',55.4716300964,10.3260211945,29.6200008392,0.76599997282
1639659300450832061,,4162,,1639659300,450078906,'',55.4716300964,10.3260211945,29.6200008392,0.763999998569
1639659300492586831,,4163,,1639659300,491751371,'',55.4716300964,10.3260221481,29.6200008392,0.763000011444
1639659300532620153,,4164,,1639659300,530270287,'',55.4716300964,10.3260221481,29.6200008392,0.760999977589
1639659300573262053,,4165,,1639659300,570500410,'',55.4716300964,10.3260221481,29.6200008392,0.759999990463
1639659300611446792,,4166,,1639659300,610307747,'',55.4716300964,10.3260221481,29.6100006104,0.758000016212
1639659300651266257,,4167,,1639659300,650137196,'',55.4716300964,10.3260221481,29.6100006104,0.757000029087
1639659300694305320,,4168,,1639659300,692923618,'',55.4716300964,10.3260221481,29.6100006104,0.754999995232
1639659300731122340,,4169,,1639659300,730388001,'',55.4716300964,10.3260221481,29.6100006104,0.754000008106
1639659300775055647,,4170,,1639659300,770453323,'',55.4716300964,10.3260221481,29.6100006104,0.751999974251
1639659300810907159,,4171,,1639659300,810106932,'',55.4716300964,10.3260221481,29.6100006104,0.750999987125
1639659300849860668,,4172,,1639659300,849131481,'',55.4716300964,10.3260221481,29.6000003815,0.749000012875
1639659300894364889,,4173,,1639659300,892871283,'',55.4716300964,10.3260221481,29.6000003815,0.748000025749
1639659300931347031,,4174,,1639659300,930184786,'',55.4716300964,10.3260221481,29.6000003815,0.745999991894
1639659300971536897,,4175,,1639659300,970289884,'',55.4716300964,10.3260221481,29.6000003815,0.745000004768
1639659301010922537,,4176,,1639659301,9948164,'',55.4716300964,10.3260221481,29.6000003815,0.744000017643
1639659301051177556,,4177,,1639659301,50304784,'',55.4716300964,10.3260221481,29.6000003815,0.742999970913
1639659301093891625,,4178,,1639659301,92722084,'',55.4716300964,10.3260221481,29.6000003815,0.740999996662
1639659301132314860,,4179,,1639659301,130194979,'',55.4716300964,10.3260221481,29.6000003815,0.740000009537
1639659301171467667,,4180,,1639659301,170094189,'',55.4716300964,10.3260221481,29.5900001526,0.739000022411
1639659301210802554,,4181,,1639659301,209151315,'',55.4716300964,10.3260221481,29.5900001526,0.737999975681
1639659301252144745,,4182,,1639659301,250151521,'',55.4716300964,10.3260221481,29.5900001526,0.736000001431
1639659301294489981,,4183,,1639659301,292780182,'',55.4716300964,10.3260221481,29.5900001526,0.735000014305
1639659301331462554,,4184,,1639659301,330341014,'',55.4716300964,10.3260221481,29.5900001526,0.73400002718
1639659301371384420,,4185,,1639659301,370170975,'',55.4716300964,10.3260221481,29.5900001526,0.731999993324
1639659301411297389,,4186,,1639659301,410317353,'',55.4716300964,10.3260221481,29.5900001526,0.731000006199
1639659301451261655,,4187,,1639659301,450063474,'',55.4716300964,10.3260221481,29.5900001526,0.730000019073
1639659301495157586,,4188,,1639659301,492784936,'',55.4716300964,10.3260221481,29.5799999237,0.728999972343
1639659301530365511,,4189,,1639659301,529148482,'',55.4716300964,10.3260221481,29.5799999237,0.727999985218
1639659301570210193,,4190,,1639659301,569161324,'',55.4716300964,10.3260221481,29.5799999237,0.726000010967
1639659301613964522,,4191,,1639659301,611347391,'',55.4716300964,10.3260221481,29.5799999237,0.725000023842
1639659301651203113,,4192,,1639659301,650206500,'',55.4716300964,10.3260221481,29.5799999237,0.723999977112
1639659301693469692,,4193,,1639659301,692726617,'',55.4716300964,10.3260221481,29.5799999237,0.722999989986
1639659301731371261,,4194,,1639659301,730185368,'',55.4716300964,10.3260221481,29.5799999237,0.722000002861
1639659301773343728,,4195,,1639659301,770323043,'',55.4716300964,10.3260221481,29.5799999237,0.72000002861
1639659301813010520,,4196,,1639659301,810070828,'',55.4716300964,10.3260221481,29.5699996948,0.71899998188
1639659301851142810,,4197,,1639659301,850531287,'',55.4716300964,10.3260221481,29.5699996948,0.717999994755
1639659301894410706,,4198,,1639659301,892859339,'',55.4716300964,10.3260221481,29.5699996948,0.717000007629
1639659301931769425,,4199,,1639659301,930298314,'',55.4716300964,10.3260221481,29.5699996948,0.716000020504
1639659301971728346,,4200,,1639659301,970119859,'',55.4716300964,10.3260221481,29.5699996948,0.714999973774
1639659302010322046,,4201,,1639659302,9129305,'',55.4716300964,10.3260221481,29.5699996948,0.713999986649
1639659302051175564,,4202,,1639659302,50333064,'',55.4716300964,10.3260221481,29.5699996948,0.712999999523
1639659302093848833,,4203,,1639659302,92698524,'',55.4716300964,10.3260221481,29.5699996948,0.712000012398
1639659302131078303,,4204,,1639659302,130330012,'',55.4716300964,10.3260221481,29.5699996948,0.711000025272
1639659302172373615,,4205,,1639659302,170070629,'',55.4716300964,10.3260221481,29.5599994659,0.708999991417
1639659302211688502,,4206,,1639659302,210197423,'',55.4716300964,10.3260221481,29.5599994659,0.708000004292
1639659302251167965,,4207,,1639659302,250096633,'',55.4716300964,10.3260221481,29.5599994659,0.707000017166
1639659302294130996,,4208,,1639659302,291787626,'',55.4716300964,10.3260221481,29.5599994659,0.705999970436
1639659302332360662,,4209,,1639659302,330264237,'',55.4716300964,10.3260221481,29.5599994659,0.703999996185
1639659302372487585,,4210,,1639659302,370132023,'',55.4716300964,10.3260221481,29.5599994659,0.70300000906
1639659302410991172,,4211,,1639659302,410331746,'',55.4716300964,10.3260221481,29.5599994659,0.700999975204
1639659302451556689,,4212,,1639659302,450177707,'',55.4716300964,10.3260221481,29.5599994659,0.699999988079
1639659302494501415,,4213,,1639659302,492797280,'',55.4716300964,10.3260221481,29.5499992371,0.698000013828
1639659302530875490,,4214,,1639659302,530102046,'',55.4716300964,10.3260221481,29.5499992371,0.695999979973
1639659302570174921,,4215,,1639659302,569203844,'',55.4716300964,10.3260221481,29.5499992371,0.694999992847
1639659302610966710,,4216,,1639659302,610084498,'',55.4716300964,10.3260221481,29.5499992371,0.693000018597
1639659302651797219,,4217,,1639659302,649282425,'',55.4716300964,10.3260221481,29.5499992371,0.690999984741
1639659302694819802,,4218,,1639659302,692964082,'',55.4716300964,10.3260221481,29.5400009155,0.68900001049
1639659302730955316,,4219,,1639659302,730152272,'',55.4716300964,10.3260221481,29.5400009155,0.686999976635
1639659302770923069,,4220,,1639659302,770308603,'',55.4716300964,10.3260221481,29.5400009155,0.684000015259
1639659302810897031,,4221,,1639659302,810283173,'',55.4716300964,10.3260221481,29.5400009155,0.681999981403
1639659302850405583,,4222,,1639659302,849220650,'',55.4716300964,10.3260221481,29.5400009155,0.680000007153
1639659302894658027,,4223,,1639659302,892790851,'',55.4716300964,10.3260221481,29.5300006866,0.677999973297
1639659302931444391,,4224,,1639659302,930179874,'',55.4716300964,10.3260221481,29.5300006866,0.675999999046
1639659302971336657,,4225,,1639659302,970106956,'',55.4716300964,10.3260221481,29.5300006866,0.674000024796
1639659303010304246,,4226,,1639659303,9199282,'',55.4716300964,10.3260221481,29.5300006866,0.67199999094
1639659303051434245,,4227,,1639659303,50074911,'',55.4716300964,10.3260221481,29.5200004578,0.669000029564
1639659303094885662,,4228,,1639659303,92695924,'',55.4716300964,10.3260221481,29.5200004578,0.666999995708
1639659303133033120,,4229,,1639659303,130336084,'',55.4716300964,10.3260221481,29.5200004578,0.665000021458
1639659303171433731,,4230,,1639659303,170189790,'',55.4716300964,10.3260221481,29.5200004578,0.662000000477
1639659303211578221,,4231,,1639659303,210274312,'',55.4716300964,10.3260221481,29.5200004578,0.660000026226
1639659303251647512,,4232,,1639659303,250086481,'',55.4716300964,10.3260221481,29.5100002289,0.657999992371
1639659303293866443,,4233,,1639659303,292730246,'',55.4716300964,10.3260221481,29.5100002289,0.65499997139
1639659303333290482,,4234,,1639659303,330087429,'',55.4716300964,10.3260221481,29.5100002289,0.652999997139
1639659303372482425,,4235,,1639659303,369171499,'',55.4716300964,10.3260221481,29.5100002289,0.649999976158
1639659303411302046,,4236,,1639659303,410102585,'',55.4716300964,10.3260221481,29.5,0.648000001907
1639659303450071555,,4237,,1639659303,449089790,'',55.4716300964,10.3260221481,29.5,0.644999980927
1639659303494753696,,4238,,1639659303,492785176,'',55.4716300964,10.3260221481,29.5,0.643000006676
1639659303531200027,,4239,,1639659303,529974358,'',55.4716300964,10.3260221481,29.5,0.639999985695
1639659303571021156,,4240,,1639659303,570322305,'',55.4716300964,10.3260221481,29.4899997711,0.637000024319
1639659303611046062,,4241,,1639659303,610054250,'',55.4716300964,10.3260221481,29.4899997711,0.634999990463
1639659303652696383,,4242,,1639659303,650160245,'',55.4716300964,10.3260221481,29.4899997711,0.632000029087
1639659303693917230,,4243,,1639659303,692758154,'',55.4716300964,10.3260221481,29.4899997711,0.629999995232
1639659303731479822,,4244,,1639659303,730272329,'',55.4716300964,10.3260221481,29.4799995422,0.626999974251
1639659303772706557,,4245,,1639659303,770139634,'',55.4716300964,10.3260221481,29.4799995422,0.624000012875
1639659303811321729,,4246,,1639659303,810114012,'',55.4716300964,10.3260221481,29.4799995422,0.621999979019
1639659303851576204,,4247,,1639659303,850205798,'',55.4716300964,10.3260221481,29.4699993134,0.619000017643
1639659303893457374,,4248,,1639659303,892838171,'',55.4716300964,10.3260221481,29.4699993134,0.616999983788
1639659303931163262,,4249,,1639659303,930300795,'',55.4716300964,10.3260221481,29.4699993134,0.614000022411
1639659303970828103,,4250,,1639659303,970060772,'',55.4716300964,10.3260221481,29.4699993134,0.611999988556
1639659304012730585,,4251,,1639659304,10298638,'',55.4716300964,10.3260221481,29.4599990845,0.60900002718
1639659304052413569,,4252,,1639659304,50106584,'',55.4716300964,10.3260221481,29.4599990845,0.606999993324
1639659304093542288,,4253,,1639659304,91733768,'',55.4716300964,10.3260221481,29.4599990845,0.605000019073
1639659304131000943,,4254,,1639659304,130187212,'',55.4716300964,10.3260221481,29.4599990845,0.601999998093
1639659304170288918,,4255,,1639659304,169110833,'',55.4716300964,10.3260221481,29.4599990845,0.600000023842
1639659304211188644,,4256,,1639659304,210321216,'',55.4716300964,10.3260221481,29.4500007629,0.597999989986
1639659304251368399,,4257,,1639659304,250189930,'',55.4716300964,10.3260221481,29.4500007629,0.596000015736
1639659304294448678,,4258,,1639659304,292788767,'',55.4716300964,10.3260221481,29.4500007629,0.592999994755
1639659304331649220,,4259,,1639659304,330134909,'',55.4716300964,10.3260221481,29.4500007629,0.591000020504
1639659304370063175,,4260,,1639659304,369187011,'',55.4716300964,10.3260221481,29.4400005341,0.588999986649
1639659304411849976,,4261,,1639659304,410130353,'',55.4716300964,10.3260221481,29.4400005341,0.586000025272
1639659304449980954,,4262,,1639659304,449183991,'',55.4716300964,10.3260221481,29.4400005341,0.583999991417
1639659304493964981,,4263,,1639659304,492671024,'',55.4716300964,10.3260221481,29.4400005341,0.580999970436
1639659304531048723,,4264,,1639659304,529205611,'',55.4716300964,10.3260221481,29.4300003052,0.578999996185
1639659304571396030,,4265,,1639659304,570338778,'',55.4716300964,10.3260221481,29.4300003052,0.577000021935
1639659304611458024,,4266,,1639659304,610174819,'',55.4716300964,10.3260221481,29.4300003052,0.574000000954
1639659304651767060,,4267,,1639659304,650372846,'',55.4716300964,10.3260221481,29.4300003052,0.572000026703
1639659304694501897,,4268,,1639659304,692677601,'',55.4716300964,10.3260221481,29.4200000763,0.569000005722
1639659304731697223,,4269,,1639659304,730284545,'',55.4716300964,10.3260221481,29.4200000763,0.566999971867
1639659304770983886,,4270,,1639659304,770078090,'',55.4716300964,10.3260221481,29.4200000763,0.56400001049
1639659304809855507,,4271,,1639659304,809166288,'',55.4716300964,10.3260221481,29.4200000763,0.561999976635
1639659304850876289,,4272,,1639659304,850091966,'',55.4716300964,10.3260221481,29.4200000763,0.560000002384
1639659304896153026,,4273,,1639659304,892947828,'',55.4716300964,10.3260211945,29.4099998474,0.556999981403
1639659304932193563,,4274,,1639659304,930319603,'',55.4716300964,10.3260211945,29.4099998474,0.555000007153
1639659304971440610,,4275,,1639659304,970176252,'',55.4716300964,10.3260211945,29.4099998474,0.551999986172
1639659305011617164,,4276,,1639659305,10321543,'',55.4716300964,10.3260211945,29.4099998474,0.550000011921
1639659305051131092,,4277,,1639659305,50027311,'',55.4716300964,10.3260211945,29.3999996185,0.54699999094
1639659305094456044,,4278,,1639659305,92743077,'',55.4716300964,10.3260211945,29.3999996185,0.545000016689
1639659305131143720,,4279,,1639659305,130134628,'',55.4716300964,10.3260211945,29.3999996185,0.542999982834
1639659305172373719,,4280,,1639659305,169201066,'',55.4716300964,10.3260211945,29.3999996185,0.541000008583
1639659305211672734,,4281,,1639659305,210566489,'',55.4716300964,10.3260211945,29.3899993896,0.537999987602
1639659305251554664,,4282,,1639659305,249641311,'',55.4716300964,10.3260211945,29.3899993896,0.536000013351
1639659305293768315,,4283,,1639659305,292817559,'',55.4716300964,10.3260211945,29.3899993896,0.533999979496
1639659305330962073,,4284,,1639659305,330183094,'',55.4716300964,10.3260211945,29.3899993896,0.532000005245
1639659305370517217,,4285,,1639659305,369217627,'',55.4716300964,10.3260211945,29.3799991608,0.528999984264
1639659305411536271,,4286,,1639659305,410069065,'',55.4716300964,10.3260211945,29.3799991608,0.527000010014
1639659305451275672,,4287,,1639659305,450254804,'',55.4716300964,10.3260211945,29.3799991608,0.523999989033
1639659305494115118,,4288,,1639659305,491555459,'',55.4716300964,10.3260211945,29.3799991608,0.522000014782
1639659305529874822,,4289,,1639659305,529218051,'',55.4716300964,10.3260211945,29.3700008392,0.518999993801
1639659305571222358,,4290,,1639659305,570172017,'',55.4716300964,10.3260211945,29.3700008392,0.51700001955
1639659305611083519,,4291,,1639659305,610137339,'',55.4716300964,10.3260211945,29.3700008392,0.513999998569
1639659305651753388,,4292,,1639659305,650343302,'',55.4716300964,10.3260211945,29.3700008392,0.510999977589
1639659305693962207,,4293,,1639659305,692638553,'',55.4716300964,10.3260211945,29.3600006104,0.509000003338
1639659305731638719,,4294,,1639659305,730305145,'',55.4716300964,10.3260211945,29.3600006104,0.505999982357
1639659305772687885,,4295,,1639659305,770090658,'',55.4716300964,10.3260211945,29.3600006104,0.503000020981
1639659305810899408,,4296,,1639659305,810158957,'',55.4716300964,10.3260211945,29.3600006104,0.5
1639659305850879194,,4297,,1639659305,850100758,'',55.4716300964,10.3260211945,29.3500003815,0.497999995947
1639659305893146413,,4298,,1639659305,891911912,'',55.4716300964,10.3260211945,29.3500003815,0.495000004768
1639659305930991534,,4299,,1639659305,930256491,'',55.4716300964,10.3260211945,29.3500003815,0.49200001359
1639659305971284057,,4300,,1639659305,970134612,'',55.4716300964,10.3260211945,29.3400001526,0.488999992609
1639659306010982306,,4301,,1639659306,10265855,'',55.4716300964,10.3260211945,29.3400001526,0.486000001431
1639659306050692330,,4302,,1639659306,49956647,'',55.4716300964,10.3260211945,29.3400001526,0.483000010252
1639659306094432516,,4303,,1639659306,92752125,'',55.4716300964,10.3260211945,29.3400001526,0.479999989271
1639659306131816099,,4304,,1639659306,130063164,'',55.4716300964,10.3260211945,29.3299999237,0.476000010967
1639659306171804109,,4305,,1639659306,170175494,'',55.4716300964,10.3260211945,29.3299999237,0.472999989986
1639659306211127508,,4306,,1639659306,210082512,'',55.4716300964,10.3260211945,29.3299999237,0.470999985933
1639659306250989213,,4307,,1639659306,249193398,'',55.4716300964,10.3260211945,29.3199996948,0.467000007629
1639659306294493494,,4308,,1639659306,292782831,'',55.4716300964,10.3260211945,29.3199996948,0.463999986649
1639659306331688692,,4309,,1639659306,330562991,'',55.4716300964,10.3260211945,29.3199996948,0.46099999547
1639659306371544669,,4310,,1639659306,370338840,'',55.4716300964,10.3260211945,29.3099994659,0.456999987364
1639659306411179110,,4311,,1639659306,410203874,'',55.4716300964,10.3260211945,29.3099994659,0.453999996185
1639659306451369617,,4312,,1639659306,450318284,'',55.4716300964,10.3260211945,29.3099994659,0.451000005007
1639659306495006282,,4313,,1639659306,492803937,'',55.4716300964,10.3260211945,29.2999992371,0.446999996901
1639659306533894831,,4314,,1639659306,531131075,'',55.4716300964,10.3260211945,29.2999992371,0.442999988794
1639659306570512459,,4315,,1639659306,569101317,'',55.4716300964,10.3260211945,29.2900009155,0.43900001049
1639659306610209459,,4316,,1639659306,609191471,'',55.4716300964,10.3260211945,29.2900009155,0.435000002384
1639659306650912448,,4317,,1639659306,650082365,'',55.4716300964,10.3260211945,29.2900009155,0.430999994278
1639659306693725270,,4318,,1639659306,692757650,'',55.4716300964,10.3260211945,29.2800006866,0.426999986172
1639659306732062233,,4319,,1639659306,730355858,'',55.4716300964,10.3260211945,29.2800006866,0.423000007868
1639659306771243519,,4320,,1639659306,770178875,'',55.4716300964,10.3260211945,29.2700004578,0.418999999762
1639659306811495754,,4321,,1639659306,810297317,'',55.4716300964,10.3260211945,29.2700004578,0.414999991655
1639659306851485076,,4322,,1639659306,850007790,'',55.4716300964,10.3260211945,29.2700004578,0.409999996424
1639659306894809516,,4323,,1639659306,892907076,'',55.4716300964,10.3260211945,29.2600002289,0.405000001192
1639659306931201415,,4324,,1639659306,930084322,'',55.4716300964,10.3260211945,29.2600002289,0.400999993086
1639659306969925259,,4325,,1639659306,969186216,'',55.4716300964,10.3260211945,29.25,0.395999997854
1639659307011101626,,4326,,1639659307,10072182,'',55.4716300964,10.3260211945,29.25,0.391000002623
1639659307049811263,,4327,,1639659307,49092732,'',55.4716300964,10.3260211945,29.2399997711,0.386000007391
1639659307094422300,,4328,,1639659307,92768373,'',55.4716300964,10.3260211945,29.2399997711,0.381999999285
1639659307131348121,,4329,,1639659307,130182836,'',55.4716300964,10.3260211945,29.2299995422,0.375999987125
1639659307171403395,,4330,,1639659307,170337055,'',55.4716300964,10.3260211945,29.2299995422,0.370999991894
1639659307211002252,,4331,,1639659307,210079784,'',55.4716300964,10.3260211945,29.2199993134,0.36700001359
1639659307251424695,,4332,,1639659307,250169170,'',55.4716300964,10.3260211945,29.2199993134,0.361000001431
1639659307294025900,,4333,,1639659307,292613990,'',55.4716300964,10.3260211945,29.2099990845,0.356000006199
1639659307331410699,,4334,,1639659307,329192738,'',55.4716300964,10.3260211945,29.2099990845,0.351000010967
1639659307371456533,,4335,,1639659307,370174800,'',55.4716300964,10.3260211945,29.2000007629,0.345999985933
1639659307410421691,,4336,,1639659307,409096533,'',55.4716300964,10.3260211945,29.2000007629,0.340999990702
1639659307451679050,,4337,,1639659307,450208452,'',55.4716300964,10.3260211945,29.1900005341,0.33599999547
1639659307494676577,,4338,,1639659307,492616664,'',55.4716300964,10.3260211945,29.1900005341,0.330000013113
1639659307531581853,,4339,,1639659307,530297336,'',55.4716300964,10.3260211945,29.1800003052,0.324999988079
1639659307571117189,,4340,,1639659307,570069057,'',55.4716300964,10.3260211945,29.1800003052,0.319999992847
1639659307611646226,,4341,,1639659307,610204395,'',55.4716300964,10.3260211945,29.1700000763,0.314999997616
1639659307651234042,,4342,,1639659307,650087317,'',55.4716300964,10.3260211945,29.1700000763,0.310000002384
1639659307692839659,,4343,,1639659307,691660774,'',55.4716300964,10.3260211945,29.1599998474,0.305000007153
1639659307731231566,,4344,,1639659307,730549739,'',55.4716300964,10.3260211945,29.1499996185,0.298999994993
1639659307771412024,,4345,,1639659307,770132467,'',55.4716300964,10.3260211945,29.1499996185,0.293999999762
1639659307810986880,,4346,,1639659307,810290365,'',55.4716300964,10.3260211945,29.1399993896,0.28900000453
1639659307851550957,,4347,,1639659307,850149895,'',55.4716300964,10.3260211945,29.1399993896,0.284000009298
1639659307892530171,,4348,,1639659307,891738263,'',55.4716300964,10.3260211945,29.1299991608,0.277999997139
1639659307931199551,,4349,,1639659307,930089466,'',55.4716300964,10.3260211945,29.1299991608,0.273000001907
1639659307971003016,,4350,,1639659307,970197797,'',55.4716300964,10.3260211945,29.1200008392,0.268000006676
1639659308010946962,,4351,,1639659308,10115470,'',55.4716300964,10.3260211945,29.1200008392,0.263000011444
1639659308054317546,,4352,,1639659308,51441310,'',55.4716300964,10.3260211945,29.1100006104,0.25799998641
1639659308094601141,,4353,,1639659308,92761517,'',55.4716300964,10.3260211945,29.1100006104,0.252999991179
1639659308131568786,,4354,,1639659308,130147916,'',55.4716300964,10.3260211945,29.1000003815,0.247999995947
1639659308171867453,,4355,,1639659308,170335127,'',55.4716300964,10.3260211945,29.1000003815,0.243000000715
1639659308211184645,,4356,,1639659308,210180128,'',55.4716300964,10.3260211945,29.0900001526,0.238000005484
1639659308251092206,,4357,,1639659308,250200554,'',55.4716300964,10.3260211945,29.0900001526,0.232999995351
1639659308294362054,,4358,,1639659308,292674335,'',55.4716300964,10.3260211945,29.0799999237,0.226999998093
1639659308331634948,,4359,,1639659308,330294431,'',55.4716300964,10.3260211945,29.0799999237,0.223000004888
1639659308371101548,,4360,,1639659308,370072616,'',55.4716300964,10.3260211945,29.0699996948,0.216999992728
1639659308413752961,,4361,,1639659308,409634160,'',55.4716300964,10.3260211945,29.0699996948,0.211999997497
1639659308451226464,,4362,,1639659308,450107644,'',55.4716300964,10.3260211945,29.0599994659,0.208000004292
1639659308493666229,,4363,,1639659308,491759820,'',55.4716300964,10.3260211945,29.0599994659,0.202000007033
1639659308531768566,,4364,,1639659308,530314256,'',55.4716300964,10.3260211945,29.0499992371,0.196999996901
1639659308570619387,,4365,,1639659308,569069205,'',55.4716300964,10.3260211945,29.0499992371,0.192000001669
1639659308611055463,,4366,,1639659308,610348644,'',55.4716300964,10.3260211945,29.0400009155,0.187000006437
1639659308651216498,,4367,,1639659308,650033901,'',55.4716300964,10.3260211945,29.0400009155,0.181999996305
1639659308694288809,,4368,,1639659308,692932195,'',55.4716300964,10.3260211945,29.0300006866,0.177000001073
1639659308730857636,,4369,,1639659308,730095201,'',55.4716300964,10.3260211945,29.0300006866,0.172999992967
1639659308769885066,,4370,,1639659308,769149223,'',55.4716300964,10.3260211945,29.0200004578,0.166999995708
1639659308812498111,,4371,,1639659308,810165621,'',55.4716300964,10.3260211945,29.0200004578,0.162000000477
1639659308851460261,,4372,,1639659308,850116255,'',55.4716300964,10.3260211945,29.0100002289,0.157000005245
1639659308894463803,,4373,,1639659308,892806516,'',55.4716300964,10.3260211945,29.0100002289,0.151999995112
1639659308930896982,,4374,,1639659308,930151635,'',55.4716300964,10.3260211945,29.0,0.146999999881
1639659308970961024,,4375,,1639659308,970274717,'',55.4716300964,10.3260211945,29.0,0.142000004649
1639659309012203983,,4376,,1639659309,10047622,'',55.4716300964,10.3260211945,28.9899997711,0.136999994516
1639659309051553623,,4377,,1639659309,50159505,'',55.4716300964,10.3260211945,28.9899997711,0.131999999285
1639659309093315848,,4378,,1639659309,92616869,'',55.4716300964,10.3260211945,28.9799995422,0.127000004053
1639659309130728839,,4379,,1639659309,129183648,'',55.4716300964,10.3260211945,28.9799995422,0.120999999344
1639659309171277491,,4380,,1639659309,170077166,'',55.4716300964,10.3260211945,28.9699993134,0.115999996662
1639659309211222269,,4381,,1639659309,210114520,'',55.4716300964,10.3260211945,28.9699993134,0.111000001431
1639659309251125734,,4382,,1639659309,250309347,'',55.4716300964,10.3260211945,28.9599990845,0.104999996722
1639659309296346342,,4383,,1639659309,293580795,'',55.4716300964,10.3260211945,28.9599990845,0.10000000149
1639659309331261851,,4384,,1639659309,330319159,'',55.4716300964,10.3260211945,28.9500007629,0.0949999988079
1639659309371388069,,4385,,1639659309,370048576,'',55.4716300964,10.3260211945,28.9400005341,0.0890000015497
1639659309411807985,,4386,,1639659309,410522668,'',55.4716300964,10.3260211945,28.9400005341,0.082999996841
1639659309452376509,,4387,,1639659309,450100980,'',55.4716300964,10.3260202408,28.9300003052,0.0780000016093
1639659309499720774,,4388,,1639659309,491773701,'',55.4716300964,10.3260202408,28.9300003052,0.0719999969006
1639659309531108908,,4389,,1639659309,530145800,'',55.4716300964,10.3260202408,28.9200000763,0.0659999996424
1639659309570396947,,4390,,1639659309,569202158,'',55.4716300964,10.3260202408,28.9200000763,0.0610000006855
1639659309611158144,,4391,,1639659309,610205820,'',55.4716300964,10.3260202408,28.9099998474,0.054999999702
1639659309651505803,,4392,,1639659309,650136229,'',55.4716300964,10.3260202408,28.8999996185,0.0489999987185
1639659309694201825,,4393,,1639659309,692898491,'',55.4716300964,10.3260202408,28.8999996185,0.0439999997616
1639659309730899645,,4394,,1639659309,730090969,'',55.4716300964,10.3260202408,28.8899993896,0.0379999987781
1639659309773147344,,4395,,1639659309,770189795,'',55.4716300964,10.3260202408,28.8899993896,0.0329999998212
1639659309811331346,,4396,,1639659309,810089261,'',55.4716300964,10.3260202408,28.8799991608,0.0270000007004
1639659309850130615,,4397,,1639659309,849155923,'',55.4716300964,10.3260202408,28.8799991608,0.0219999998808
1639659309893607952,,4398,,1639659309,892766188,'',55.4716300964,10.3260202408,28.8700008392,0.01600000076
1639659309929896522,,4399,,1639659309,929123751,'',55.4716300964,10.3260202408,28.8700008392,0.00999999977648
1639659309971679963,,4400,,1639659309,970283349,'',55.4716300964,10.3260202408,28.8600006104,0.00400000018999
1639659310011180131,,4401,,1639659310,10146239,'',55.4716300964,10.3260202408,28.8500003815,-0.0010000000475
